ADDED_RSU;0;rsu_0;[com.columbia.vsimrti.applications.lasalle.rsu.LasalleRSU];40.813447;-73.95994
SEND_MESSAGE;0;0;rsu_0;InterVehicleMsg
SEND_MESSAGE;2000000000;1;rsu_0;InterVehicleMsg
SEND_MESSAGE;4000000000;2;rsu_0;InterVehicleMsg
ADDED_VEHICLE;5000000000;veh_0;[com.columbia.vsimrti.applications.lasalle.vehicle.LasalleWeatherWarningAppCell, com.columbia.vsimrti.applications.lasalle.vehicle.LasalleSlowDownApp];Car
SEND_MESSAGE;6000000000;3;rsu_0;InterVehicleMsg
MOVE_VEHICLE;7000000000;veh_0;40.81330428838589;-73.95841098955637;8.192721429439262;298.457116555798
ADDED_VEHICLE;7000000000;veh_1;[com.columbia.vsimrti.applications.lasalle.vehicle.LasalleVehicle, com.columbia.vsimrti.applications.lasalle.vehicle.LasalleVehicleSlave];PKW
MOVE_VEHICLE;8000000000;veh_0;40.81333998437223;-73.95849526995652;8.138078055211809;298.4571165557983
SEND_MESSAGE;8000000000;4;rsu_0;InterVehicleMsg
MOVE_VEHICLE;9000000000;veh_0;40.81337601556219;-73.95858034203074;8.214512818651274;298.4571165557983
MOVE_VEHICLE;9000000000;veh_1;40.81330305230713;-73.95840807110329;7.910916735518258;298.4571165557983
ADDED_VEHICLE;9000000000;veh_2;[com.columbia.vsimrti.applications.lasalle.vehicle.LasalleWeatherWarningAppCell, com.columbia.vsimrti.applications.lasalle.vehicle.LasalleSlowDownApp];Car
MOVE_VEHICLE;10000000000;veh_0;40.813410543377024;-73.9586618647589;7.8717814843240195;298.4571165557983
MOVE_VEHICLE;10000000000;veh_1;40.81333759672228;-73.95848963256212;7.875538721838966;298.4571165557983
SEND_MESSAGE;10000000000;5;rsu_0;InterVehicleMsg
RECV_MESSAGE;10000900000;5;veh_1;InterVehicleMsg
MOVE_VEHICLE;11000000000;veh_2;40.81330281930295;-73.95840752096704;7.857795792107238;298.457116555798
MOVE_VEHICLE;11000000000;veh_0;40.813443851939766;-73.95874050895051;7.593824061083142;298.4571165557983
MOVE_VEHICLE;11000000000;veh_1;40.81337112119872;-73.95856878609385;7.643022445188835;298.457116555798
ADDED_VEHICLE;11000000000;veh_3;[com.columbia.vsimrti.applications.lasalle.vehicle.LasalleVehicle, com.columbia.vsimrti.applications.lasalle.vehicle.LasalleVehicleSlave];PKW
MOVE_VEHICLE;12000000000;veh_2;40.81333721716951;-73.9584887364138;7.8421280211102;298.4571165557983
MOVE_VEHICLE;12000000000;veh_0;40.813477859884266;-73.95882080464938;7.753284445365425;298.4571165557983
MOVE_VEHICLE;12000000000;veh_1;40.81340505307836;-73.95864890174244;7.735916016898118;298.4571165557983
SEND_MESSAGE;12000000000;6;rsu_0;InterVehicleMsg
RECV_MESSAGE;12001900000;6;veh_1;InterVehicleMsg
MOVE_VEHICLE;13000000000;veh_2;40.81337004531547;-73.95856624585831;7.484270432893361;298.4571165557983
MOVE_VEHICLE;13000000000;veh_3;40.813302702567206;-73.95840724534726;7.831182053880536;298.457116555798
MOVE_VEHICLE;13000000000;veh_0;40.813511502028355;-73.9589002368713;7.669899977436289;298.4571165558006
MOVE_VEHICLE;13000000000;veh_1;40.81344100699181;-73.95873379179196;8.196920446162112;298.4571165557983
ADDED_VEHICLE;13000000000;veh_4;[com.columbia.vsimrti.applications.lasalle.vehicle.LasalleWeatherWarningAppCell, com.columbia.vsimrti.applications.lasalle.vehicle.LasalleSlowDownApp];Car
MOVE_VEHICLE;14000000000;veh_2;40.813403849687305;-73.95864606044454;7.706845894381404;298.45711655580027
MOVE_VEHICLE;14000000000;veh_3;40.81333536739695;-73.95848436898319;7.447024778884253;298.4571165557983
MOVE_VEHICLE;14000000000;veh_0;40.81354563827003;-73.9589808359164;7.782559314027894;298.457116555798
MOVE_VEHICLE;14000000000;veh_1;40.813475176249554;-73.95881446834792;7.790060335129265;298.4571165557983
SEND_MESSAGE;14000000000;7;rsu_0;InterVehicleMsg
RECV_MESSAGE;14001400000;7;veh_3;InterVehicleMsg
RECV_MESSAGE;14001900000;7;veh_1;InterVehicleMsg
MOVE_VEHICLE;15000000000;veh_4;40.81329847848679;-73.95839727205261;6.868164514571196;298.4571165557983
MOVE_VEHICLE;15000000000;veh_2;40.8134380265793;-73.95872675479191;7.791787040653954;298.4571165557983
MOVE_VEHICLE;15000000000;veh_3;40.81336832599066;-73.9585621864127;7.514009706323588;298.457116555798
MOVE_VEHICLE;15000000000;veh_0;40.813581683824594;-73.95906594327104;8.217868213409092;298.4571165557983
MOVE_VEHICLE;15000000000;veh_1;40.8135079602692;-73.95889187443969;7.474259477915126;298.457116555798
ADDED_VEHICLE;15000000000;veh_5;[com.columbia.vsimrti.applications.lasalle.vehicle.LasalleWeatherWarningAppCell, com.columbia.vsimrti.applications.lasalle.vehicle.LasalleSlowDownApp];Car
MOVE_VEHICLE;16000000000;veh_4;40.81333311994189;-73.95847906259976;7.897660475025682;298.457116555798
MOVE_VEHICLE;16000000000;veh_2;40.813472285080685;-73.95880764204128;7.810405409334389;298.4571165557983
MOVE_VEHICLE;16000000000;veh_3;40.813401181971756;-73.95863976176602;7.490627480242061;298.4571165557983
MOVE_VEHICLE;16000000000;veh_0;40.81361417820762;-73.95914524028595;7.619684937975835;297.24066570754644
MOVE_VEHICLE;16000000000;veh_1;40.813541677173276;-73.95897148336392;7.686955156370532;298.457116555798
SEND_MESSAGE;16000000000;8;rsu_0;InterVehicleMsg
RECV_MESSAGE;16001900000;8;veh_3;InterVehicleMsg
RECV_MESSAGE;16002400000;8;veh_1;InterVehicleMsg
MOVE_VEHICLE;17000000000;veh_4;40.81336533813063;-73.95855513186844;7.345208806390621;298.4571165557983
MOVE_VEHICLE;17000000000;veh_5;40.81330035525645;-73.95840170321235;7.296035630410684;298.457116555798
MOVE_VEHICLE;17000000000;veh_2;40.81350526938641;-73.95888552100999;7.519920667224703;298.457116555798
MOVE_VEHICLE;17000000000;veh_3;40.8134353383686;-73.95872040770584;7.787113475245256;298.4571165557983
MOVE_VEHICLE;17000000000;veh_0;40.81364436036073;-73.9592263547174;7.615780291596893;295.41300613657654
MOVE_VEHICLE;17000000000;veh_1;40.813577923200164;-73.95905706402911;8.263571501402184;298.4571165557983
ADDED_VEHICLE;17000000000;veh_6;[com.columbia.vsimrti.applications.lasalle.vehicle.LasalleVehicle, com.columbia.vsimrti.applications.lasalle.vehicle.LasalleVehicleSlave];PKW
MOVE_VEHICLE;18000000000;veh_4;40.813398086238216;-73.9586324525062;7.466032996240411;298.457116555798
MOVE_VEHICLE;18000000000;veh_5;40.81332948630221;-73.95847048334879;6.64138092116864;298.457116555798
MOVE_VEHICLE;18000000000;veh_2;40.813541752008405;-73.95897166005724;8.317497392052319;298.4571165557983
MOVE_VEHICLE;18000000000;veh_3;40.81346876237359;-73.95879932461881;7.6201520865801475;298.457116555798
MOVE_VEHICLE;18000000000;veh_0;40.813675519357744;-73.9593152522987;8.250253480959218;293.494289871521
MOVE_VEHICLE;18000000000;veh_1;40.813611348927914;-73.95913763661817;7.763150204339009;297.6771017672095
SEND_MESSAGE;18000000000;9;rsu_0;InterVehicleMsg
RECV_MESSAGE;18001400000;9;veh_3;InterVehicleMsg
RECV_MESSAGE;18002400000;9;veh_1;InterVehicleMsg
MOVE_VEHICLE;19000000000;veh_4;40.813432729032826;-73.95871424685126;7.89800333541422;298.4571165557983
MOVE_VEHICLE;19000000000;veh_5;40.81336092959549;-73.95854472301488;7.168544212516591;298.4571165557983
MOVE_VEHICLE;19000000000;veh_2;40.81357507779437;-73.95905034571928;7.597798174504206;298.457116555798
MOVE_VEHICLE;19000000000;veh_3;40.81350291259189;-73.95887995639549;7.785729932698887;298.4571165557983
MOVE_VEHICLE;19000000000;veh_0;40.813704973438966;-73.95940310746175;8.101168970619328;292.9039114476632
MOVE_VEHICLE;19000000000;veh_1;40.813641975345845;-73.95921994499001;7.72787917904323;295.41300613657654
MOVE_VEHICLE;19000000000;veh_6;40.81329532648769;-73.95838983000517;6.149563167030453;298.457116555798
ADDED_VEHICLE;19000000000;veh_7;[com.columbia.vsimrti.applications.lasalle.vehicle.LasalleWeatherWarningAppCell, com.columbia.vsimrti.applications.lasalle.vehicle.LasalleSlowDownApp];Car
MOVE_VEHICLE;20000000000;veh_4;40.813467142668195;-73.95879550035215;7.845771594060945;298.4571165557983
MOVE_VEHICLE;20000000000;veh_5;40.8133972285654;-73.95863042747648;8.275570504351053;298.4571165557983
MOVE_VEHICLE;20000000000;veh_2;40.813609767229664;-73.95913338581694;8.01275707582155;297.92106803734316
MOVE_VEHICLE;20000000000;veh_3;40.81353873058945;-73.95896452618157;8.165971822730665;298.4571165557983
MOVE_VEHICLE;20000000000;veh_0;40.81373144973205;-73.95948514353067;7.5145910606992;292.33401828508295
MOVE_VEHICLE;20000000000;veh_1;40.81367222320204;-73.95930558740454;7.958990906465333;293.5655275491606
MOVE_VEHICLE;20000000000;veh_6;40.81332525081952;-73.95846048311188;6.8222350966257475;298.457116555798
SEND_MESSAGE;20000000000;10;rsu_0;InterVehicleMsg
RECV_MESSAGE;20001400000;10;veh_3;InterVehicleMsg
RECV_MESSAGE;20001900000;10;veh_1;InterVehicleMsg
RECV_MESSAGE;20002400000;10;veh_6;InterVehicleMsg
MOVE_VEHICLE;21000000000;veh_4;40.81350352648002;-73.95888140584326;8.294955058530904;298.45711655580027
MOVE_VEHICLE;21000000000;veh_5;40.81343288047849;-73.95871460442679;8.12806607749167;298.457116555798
MOVE_VEHICLE;21000000000;veh_2;40.81364088549654;-73.95921701602052;7.851985414090585;295.41300613657654
MOVE_VEHICLE;21000000000;veh_3;40.81357468036868;-73.95904940735454;8.19603009980172;298.4571165557983
MOVE_VEHICLE;21000000000;veh_0;40.81376111817792;-73.95957235147651;8.068483452470973;294.1432814334153
MOVE_VEHICLE;21000000000;veh_1;40.813701225491606;-73.95939149591113;7.930657963550857;293.1502342477948
MOVE_VEHICLE;21000000000;veh_6;40.81335892881719;-73.9585399990414;7.678018238716987;298.457116555798
MOVE_VEHICLE;21000000000;veh_7;40.813292262878015;-73.95838259665196;5.451113188877696;298.4571165557983
MOVE_VEHICLE;22000000000;veh_4;40.81354004914776;-73.95896763943088;8.326626546955668;298.4571165557983
MOVE_VEHICLE;22000000000;veh_5;40.813467058266546;-73.95879530107248;7.792002104381099;298.4571165557983
MOVE_VEHICLE;22000000000;veh_2;40.81367195357481;-73.9593047968114;8.160936450316086;293.5935264674467
MOVE_VEHICLE;22000000000;veh_3;40.81360708564285;-73.95912617907558;7.426727857175742;298.33461896147105
MOVE_VEHICLE;22000000000;veh_0;40.81379295320686;-73.95965817668133;8.057633850299753;295.9910041107063
MOVE_VEHICLE;22000000000;veh_1;40.813728302492365;-73.95947538352974;7.68381670088378;292.3375992175222
MOVE_VEHICLE;22000000000;veh_6;40.81339326081871;-73.95862105933124;7.82713282258017;298.457116555798
MOVE_VEHICLE;22000000000;veh_7;40.813320993865986;-73.95845043218425;6.550171989603894;298.457116555798
SEND_MESSAGE;22000000000;11;rsu_0;InterVehicleMsg
RECV_MESSAGE;22000400000;11;veh_1;InterVehicleMsg
RECV_MESSAGE;22000400000;11;veh_6;InterVehicleMsg
RECV_MESSAGE;22001900000;11;veh_3;InterVehicleMsg
MOVE_VEHICLE;23000000000;veh_4;40.813570494643216;-73.95903952440852;6.9411324753515915;298.4571165557983
MOVE_VEHICLE;23000000000;veh_5;40.81350212949416;-73.958878107428;7.995705559891649;298.457116555798
MOVE_VEHICLE;23000000000;veh_2;40.81369887138271;-73.95938420262694;7.335671333670376;293.30494445804663
MOVE_VEHICLE;23000000000;veh_3;40.813640004776296;-73.95921464908545;8.30639212908689;295.4130061365768
MOVE_VEHICLE;23000000000;veh_0;40.8138203922023;-73.95972842811382;6.661383655713523;296.6667600040995
MOVE_VEHICLE;23000000000;veh_1;40.813741646462915;-73.9595167932511;3.7956641730280705;292.31170761202156
MOVE_VEHICLE;23000000000;veh_6;40.81342708303827;-73.95870091620188;7.710923418037128;298.4571165557983
MOVE_VEHICLE;23000000000;veh_7;40.81335404042932;-73.9585284572287;7.534060169540805;298.4571165557983
MOVE_VEHICLE;24000000000;veh_4;40.81360687942481;-73.95912562486643;8.328979126452468;298.366417233107
MOVE_VEHICLE;24000000000;veh_5;40.813534336612676;-73.95895415156107;7.342744086910202;298.4571165557983
MOVE_VEHICLE;24000000000;veh_2;40.813714688921856;-73.95943320711265;4.488643063735097;292.3375992175222
MOVE_VEHICLE;24000000000;veh_3;40.81366859666727;-73.95929495378604;7.473638961554241;293.94216459788544
MOVE_VEHICLE;24000000000;veh_0;40.813838249486395;-73.95980309150782;6.791700942933094;283.13380916603836
MOVE_VEHICLE;24000000000;veh_1;40.81374319892333;-73.95952161194953;0.4417271974182976;292.3083083373714
MOVE_VEHICLE;24000000000;veh_6;40.81346202752061;-73.95878342304272;7.966794375197496;298.457116555798
MOVE_VEHICLE;24000000000;veh_7;40.81338851632612;-73.95860985723492;7.859936780862045;298.4571165557983
SEND_MESSAGE;24000000000;12;rsu_0;InterVehicleMsg
RECV_MESSAGE;24000400000;12;veh_6;InterVehicleMsg
RECV_MESSAGE;24001400000;12;veh_1;InterVehicleMsg
RECV_MESSAGE;24001900000;12;veh_3;InterVehicleMsg
MOVE_VEHICLE;25000000000;veh_4;40.81363787156999;-73.95920891609582;7.820160048891602;295.41300613657654
MOVE_VEHICLE;25000000000;veh_5;40.8135695039371;-73.95903718524579;8.017639885523822;298.457116555798
MOVE_VEHICLE;25000000000;veh_2;40.81371645012871;-73.95943866353167;0.49978916139176954;292.3375992175222
MOVE_VEHICLE;25000000000;veh_3;40.8136849142096;-73.95934279963478;4.421110315635726;293.494289871521
MOVE_VEHICLE;25000000000;veh_0;40.81380096300956;-73.95986209013167;6.703236761412118;221.96252199859387
MOVE_VEHICLE;25000000000;veh_1;40.81374985213118;-73.95954049526699;1.7597286242910948;292.96702716821517
MOVE_VEHICLE;25000000000;veh_6;40.81349759774119;-73.95886740753464;8.109466505407859;298.4571165557983
MOVE_VEHICLE;25000000000;veh_7;40.81342421407635;-73.95869414235318;8.138512843213976;298.4571165557983
MOVE_VEHICLE;26000000000;veh_4;40.813654661520005;-73.9592540495832;4.237218229699879;295.4085505806189
MOVE_VEHICLE;26000000000;veh_5;40.81360481739777;-73.95912056420232;8.050970343099907;298.4571165557983
MOVE_VEHICLE;26000000000;veh_2;40.813722694761566;-73.95945801012284;1.7720808029214905;292.3375992175222
MOVE_VEHICLE;26000000000;veh_3;40.81368945919365;-73.95935612632641;1.2314287813589537;293.4942898715186
MOVE_VEHICLE;26000000000;veh_0;40.813744578856245;-73.95990439867093;7.209843937566038;207.78264549964354
MOVE_VEHICLE;26000000000;veh_1;40.813761414192;-73.95957318849521;3.043640088386676;294.1741834043576
MOVE_VEHICLE;26000000000;veh_6;40.8135321909919;-73.95894908553625;7.886745496112853;298.45711655580027
MOVE_VEHICLE;26000000000;veh_7;40.813459461926996;-73.95877736545428;8.03595655310899;298.457116555798
SEND_MESSAGE;26000000000;13;rsu_0;InterVehicleMsg
RECV_MESSAGE;26000400000;13;veh_6;InterVehicleMsg
RECV_MESSAGE;26001400000;13;veh_3;InterVehicleMsg
RECV_MESSAGE;26001900000;13;veh_1;InterVehicleMsg
MOVE_VEHICLE;27000000000;veh_4;40.81366011541954;-73.95927008533688;1.4767616174919183;294.8232467595657
MOVE_VEHICLE;27000000000;veh_5;40.81362337936282;-73.95916996833462;4.667256276642355;295.8215411069457
MOVE_VEHICLE;27000000000;veh_2;40.81373168690564;-73.95948587969536;2.553180213008384;292.3334996620093
MOVE_VEHICLE;27000000000;veh_3;40.81369578840888;-73.9593747107194;1.7200198853653847;293.48399332158556
MOVE_VEHICLE;27000000000;veh_0;40.81367735827798;-73.95995236224365;8.48879537169356;207.78264549964354
MOVE_VEHICLE;27000000000;veh_1;40.813778205231394;-73.95961972702402;4.347749831077019;294.6647336854229
MOVE_VEHICLE;27000000000;veh_6;40.813567408661314;-73.95903223807692;8.02911700009834;298.457116555798
MOVE_VEHICLE;27000000000;veh_7;40.81349551708786;-73.95886249491846;8.220024568710942;298.4571165557983
MOVE_VEHICLE;28000000000;veh_4;40.8136674700934;-73.95929165048015;1.9926893871426574;294.0591836965536
MOVE_VEHICLE;28000000000;veh_5;40.813627978261444;-73.95918232785455;1.160427275310624;295.41300613657654
MOVE_VEHICLE;28000000000;veh_2;40.81374223855414;-73.95951863104925;3.002297483221636;292.3104112429183
MOVE_VEHICLE;28000000000;veh_3;40.81370428471156;-73.9594009737086;2.4088136180456075;292.9491766763763
MOVE_VEHICLE;28000000000;veh_0;40.813599807278884;-73.96000769669044;9.793345255628228;207.78264549964354
MOVE_VEHICLE;28000000000;veh_1;40.81379904727108;-73.95967406461781;5.132736420006333;296.1069765991013
MOVE_VEHICLE;28000000000;veh_6;40.813589232543336;-73.95908376662214;4.975534810308215;298.4571165558006
MOVE_VEHICLE;28000000000;veh_7;40.813530683444846;-73.95894552606764;8.01740449618781;298.4571165557983
SEND_MESSAGE;28000000000;14;rsu_0;InterVehicleMsg
RECV_MESSAGE;28001900000;14;veh_3;InterVehicleMsg
RECV_MESSAGE;28001900000;14;veh_6;InterVehicleMsg
RECV_MESSAGE;28002400000;14;veh_1;InterVehicleMsg
MOVE_VEHICLE;29000000000;veh_4;40.813675218018496;-73.95931436872019;2.0992387970712305;293.4942898715186
MOVE_VEHICLE;29000000000;veh_5;40.813636933013726;-73.95920639372727;2.25952864423057;295.41300613657654
MOVE_VEHICLE;29000000000;veh_2;40.813743357388546;-73.95952210039987;0.3181397149499476;292.30925076351366
MOVE_VEHICLE;29000000000;veh_3;40.81371346598493;-73.95942941831568;2.6054284267709664;292.3576657838328
MOVE_VEHICLE;29000000000;veh_0;40.8135218120783;-73.96006334793303;9.849436486430932;207.7826454996429
MOVE_VEHICLE;29000000000;veh_1;40.81382534106177;-73.95974098174918;6.353866154830134;296.7454891123356
MOVE_VEHICLE;29000000000;veh_6;40.813594536842245;-73.95909629065868;1.2093055178991619;298.4571165557983
MOVE_VEHICLE;29000000000;veh_7;40.81355323642374;-73.9589987759385;5.14174963021382;298.457116555798
MOVE_VEHICLE;30000000000;veh_4;40.81368524123709;-73.95934375853659;2.7157132807304234;293.4942898715186
MOVE_VEHICLE;30000000000;veh_5;40.813644860091884;-73.95922769774505;2.000219424705438;295.41300613657654
MOVE_VEHICLE;30000000000;veh_2;40.813743576569834;-73.95952272927579;0.059253498880025415;292.3282180791156
MOVE_VEHICLE;30000000000;veh_3;40.81371563403267;-73.95943613517323;0.6152410028792241;292.3375992175222
MOVE_VEHICLE;30000000000;veh_0;40.813443045794806;-73.96011954920472;9.946807059634011;207.7826454996423
MOVE_VEHICLE;30000000000;veh_1;40.81383457766385;-73.95982083871267;7.149085027424153;269.746351143523
MOVE_VEHICLE;30000000000;veh_6;40.81360387985763;-73.95911835056421;2.130076792789447;298.457116555798
MOVE_VEHICLE;30000000000;veh_7;40.81356118303864;-73.95901753872462;1.8117133879229406;298.457116555798
SEND_MESSAGE;30000000000;15;rsu_0;InterVehicleMsg
RECV_MESSAGE;30000400000;15;veh_6;InterVehicleMsg
RECV_MESSAGE;30000900000;15;veh_1;InterVehicleMsg
RECV_MESSAGE;30001400000;15;veh_3;InterVehicleMsg
MOVE_VEHICLE;31000000000;veh_4;40.81368879434354;-73.95935417686871;0.9626870968515457;293.4942898715186
MOVE_VEHICLE;31000000000;veh_5;40.813656930066784;-73.95926074535093;3.0875386556843387;295.15418746311207
MOVE_VEHICLE;31000000000;veh_2;40.81374866526612;-73.95953713925401;1.343158090513498;292.8431147490046
MOVE_VEHICLE;31000000000;veh_3;40.81371669621602;-73.95943942593819;0.30142271442772367;292.3375992175246
MOVE_VEHICLE;31000000000;veh_0;40.81337833588686;-73.96020893764738;9.911648863286246;207.78440670677415
MOVE_VEHICLE;31000000000;veh_1;40.81378590494627;-73.9598749114103;7.143666691579856;215.32035655219002
MOVE_VEHICLE;31000000000;veh_6;40.81361454415139;-73.95914622375719;2.651639000577853;297.18421478752373
MOVE_VEHICLE;31000000000;veh_7;40.813570356103085;-73.9590391973005;2.09132702602057;298.457116555798
MOVE_VEHICLE;32000000000;veh_4;40.81368982817469;-73.95935720824394;0.28010871333204074;293.4942898715186
MOVE_VEHICLE;32000000000;veh_5;40.813660887441635;-73.95927234903503;1.0722183167334043;294.74303746416246
MOVE_VEHICLE;32000000000;veh_2;40.813757835529934;-73.95956306935959;2.4140141186335313;293.8005695595899
MOVE_VEHICLE;32000000000;veh_3;40.81372114380757;-73.95945320508758;1.2621224278521832;292.3375992175222
MOVE_VEHICLE;32000000000;veh_0;40.81330260147778;-73.96026297924892;9.563135687087197;207.78440670677415
MOVE_VEHICLE;32000000000;veh_1;40.81372321469042;-73.9599196425527;7.916695748423226;207.7826454996423
MOVE_VEHICLE;32000000000;veh_6;40.81362659410561;-73.95917860794124;3.04053041468142;295.41300613657654
MOVE_VEHICLE;32000000000;veh_7;40.813580341899666;-73.95906277484053;2.2766193216154433;298.4571165557983
SEND_MESSAGE;32000000000;16;rsu_0;InterVehicleMsg
RECV_MESSAGE;32000400000;16;veh_6;InterVehicleMsg
RECV_MESSAGE;32000900000;16;veh_3;InterVehicleMsg
RECV_MESSAGE;32002400000;16;veh_1;InterVehicleMsg
MOVE_VEHICLE;33000000000;veh_4;40.813693770990376;-73.9593687692777;1.0682762163451907;293.4942898715186
MOVE_VEHICLE;33000000000;veh_5;40.81366173452238;-73.95927483281787;0.22950963078354186;294.6550305056189
MOVE_VEHICLE;33000000000;veh_2;40.81377215977767;-73.9596035730675;3.770770911735781;294.28096016723885
MOVE_VEHICLE;33000000000;veh_3;40.8137296311463;-73.95947949985691;2.408509450422659;292.3375992175222
MOVE_VEHICLE;33000000000;veh_0;40.813224563034076;-73.96031866478367;9.854067088046577;207.78440670677415
MOVE_VEHICLE;33000000000;veh_1;40.81364864829016;-73.95997284750725;9.416444383005146;207.7826454996423
MOVE_VEHICLE;33000000000;veh_6;40.813630409065944;-73.95918886063316;0.9626184832256968;295.41300613657654
MOVE_VEHICLE;33000000000;veh_7;40.813593186420505;-73.95909310216307;2.928369307669351;298.4571165557983
MOVE_VEHICLE;34000000000;veh_4;40.81370248834613;-73.95939540837196;2.450818838271595;293.06723798265483
MOVE_VEHICLE;34000000000;veh_5;40.81366545179837;-73.95928573249735;1.0071658460940784;294.26884350630286
MOVE_VEHICLE;34000000000;veh_2;40.81379120876119;-73.95965362870953;4.721397702550348;295.8342373028643
MOVE_VEHICLE;34000000000;veh_3;40.81374336951002;-73.95952213517886;3.908509450422659;292.31029953239954
MOVE_VEHICLE;34000000000;veh_0;40.8131476965442;-73.96037351390319;9.70607854105765;207.78440670677415
MOVE_VEHICLE;34000000000;veh_1;40.813572408508115;-73.96002724631636;9.627759990107734;207.78264549964354
MOVE_VEHICLE;34000000000;veh_6;40.81363162874523;-73.95919213851751;0.3077583760017557;295.41300613657654
MOVE_VEHICLE;34000000000;veh_7;40.81359703144792;-73.95910218070043;0.8766122834592784;298.4571165557983
SEND_MESSAGE;34000000000;17;rsu_0;InterVehicleMsg
RECV_MESSAGE;34000400000;17;veh_1;InterVehicleMsg
RECV_MESSAGE;34000400000;17;veh_6;InterVehicleMsg
RECV_MESSAGE;34001400000;17;veh_3;InterVehicleMsg
MOVE_VEHICLE;35000000000;veh_4;40.81371470620429;-73.95943326065559;3.4671393548597615;292.3375992175246
MOVE_VEHICLE;35000000000;veh_5;40.81367322498893;-73.95930852481528;2.1060839623381002;293.4786133783437
MOVE_VEHICLE;35000000000;veh_2;40.81381675036368;-73.95971918996557;6.212873234381732;296.5549725864551
MOVE_VEHICLE;35000000000;veh_3;40.81374357898125;-73.95952273619463;0.05662848084384475;292.32842679597223
MOVE_VEHICLE;35000000000;veh_0;40.813068878135574;-73.96042975568658;9.952547298104037;207.78440670677415
MOVE_VEHICLE;35000000000;veh_1;40.813495803931794;-73.96008190526746;9.67382359149633;207.7826454996423
MOVE_VEHICLE;35000000000;veh_6;40.813635428999454;-73.95920235169154;0.9589080275259658;295.41300613657654
MOVE_VEHICLE;35000000000;veh_7;40.81360075693294;-73.9591109769875;0.8493584479533689;298.4571165558006
MOVE_VEHICLE;36000000000;veh_4;40.81371637992916;-73.95943844604548;0.4749638285347161;292.3375992175222
MOVE_VEHICLE;36000000000;veh_5;40.81368554221293;-73.95934464105046;3.337256029800567;293.4942898715186
MOVE_VEHICLE;36000000000;veh_2;40.813840029365984;-73.9597919716803;6.6984719746070915;290.58266835535085
MOVE_VEHICLE;36000000000;veh_3;40.81374369283913;-73.9595230628762;0.030780356870306003;292.3382826128191
MOVE_VEHICLE;36000000000;veh_0;40.81299480297633;-73.96048261272753;9.353604897973128;207.78440670677296
MOVE_VEHICLE;36000000000;veh_1;40.81343522630168;-73.96016834241014;9.39041141042253;207.78440670677415
MOVE_VEHICLE;36000000000;veh_6;40.81364321107569;-73.95922326601375;1.9636312717446054;295.41300613657654
MOVE_VEHICLE;36000000000;veh_7;40.81360516841824;-73.95912139300135;1.0057571103245526;298.4571165557983
SEND_MESSAGE;36000000000;18;rsu_0;InterVehicleMsg
RECV_MESSAGE;36000900000;18;veh_1;InterVehicleMsg
RECV_MESSAGE;36001400000;18;veh_6;InterVehicleMsg
RECV_MESSAGE;36001900000;18;veh_3;InterVehicleMsg
MOVE_VEHICLE;37000000000;veh_4;40.81371717795084;-73.9594409184077;0.22645984273536435;292.3375992175222
MOVE_VEHICLE;37000000000;veh_5;40.813688294589646;-73.95935271150229;0.7457354774614203;293.4942898715186
MOVE_VEHICLE;37000000000;veh_2;40.81380802658121;-73.95985591491603;6.73365457888227;229.01610387282568
MOVE_VEHICLE;37000000000;veh_3;40.813747252043065;-73.95953314318534;0.9397039087179986;292.6964582845321
MOVE_VEHICLE;37000000000;veh_0;40.81291839045138;-73.96053713747384;9.6487447929685;207.78440670677472
MOVE_VEHICLE;37000000000;veh_1;40.81335651189833;-73.9602245105478;9.939428205194417;207.78440670677415
MOVE_VEHICLE;37000000000;veh_6;40.813654171789715;-73.95925272294731;2.7656903662243786;295.41300613657654
MOVE_VEHICLE;37000000000;veh_7;40.813611166484755;-73.9591371463036;1.5055886017589422;297.70524347211017
MOVE_VEHICLE;38000000000;veh_4;40.81371899613413;-73.9594465513478;0.515957844318418;292.3375992175222
MOVE_VEHICLE;38000000000;veh_5;40.81369035313307;-73.95935874751457;0.557746735078398;293.49428987151833
MOVE_VEHICLE;38000000000;veh_2;40.81375415636902;-73.95989756486551;6.941293202249799;208.5222879166954
MOVE_VEHICLE;38000000000;veh_3;40.813755231294905;-73.95955570554621;2.1004874376503686;293.52866371479945
MOVE_VEHICLE;38000000000;veh_0;40.812840240945995;-73.96059290150427;9.868072693992872;207.78440670677415
MOVE_VEHICLE;38000000000;veh_1;40.8132792340188;-73.96027965347561;9.758031726698391;207.78440670677352
MOVE_VEHICLE;38000000000;veh_6;40.81365923593481;-73.95926750654056;1.3626964440313212;294.9146210705608
MOVE_VEHICLE;38000000000;veh_7;40.81362050291804;-73.95916223790448;2.3558347644365916;296.2650869070179
SEND_MESSAGE;38000000000;19;rsu_0;InterVehicleMsg
RECV_MESSAGE;38000400000;19;veh_6;InterVehicleMsg
RECV_MESSAGE;38002400000;19;veh_3;InterVehicleMsg
RECV_MESSAGE;38002400000;19;veh_1;InterVehicleMsg
MOVE_VEHICLE;39000000000;veh_4;40.81372369595371;-73.95946111193255;1.3336991069866961;292.33759921752244
MOVE_VEHICLE;39000000000;veh_5;40.813691495203045;-73.95936209626569;0.30943524091205005;293.49428987151833
MOVE_VEHICLE;39000000000;veh_2;40.81369031668026;-73.95994311610664;8.061847993838601;207.78264549964354
MOVE_VEHICLE;39000000000;veh_3;40.81376739878966;-73.95959011073688;3.203018031226744;294.28096016723856
MOVE_VEHICLE;39000000000;veh_0;40.81276325208726;-73.96064783719864;9.721512187737972;207.78440670677415
MOVE_VEHICLE;39000000000;veh_1;40.81320455917485;-73.96033293882122;9.429337770445272;207.78440670677352
MOVE_VEHICLE;39000000000;veh_6;40.81366110023543;-73.95927297298208;0.5051170360929373;294.7209293083068
MOVE_VEHICLE;39000000000;veh_7;40.81362919460966;-73.95918559678596;2.193150218983868;295.41300613657654
MOVE_VEHICLE;40000000000;veh_4;40.8137330298921;-73.95949004820062;2.6511897027870326;292.3305626928226
MOVE_VEHICLE;40000000000;veh_5;40.81369656420195;-73.95937705473305;1.3862954754594674;293.45656299382347
MOVE_VEHICLE;40000000000;veh_2;40.81361701467359;-73.95999541882598;9.256771934127901;207.78264549964354
MOVE_VEHICLE;40000000000;veh_3;40.81378507406159;-73.95963763484303;4.463916384176624;295.2826772168556
MOVE_VEHICLE;40000000000;veh_0;40.81268818160093;-73.96070169703977;9.50958492414793;208.03440649642442
MOVE_VEHICLE;40000000000;veh_1;40.81312673592757;-73.96038847060787;9.826889153628144;207.78440670677415
MOVE_VEHICLE;40000000000;veh_6;40.813663755340265;-73.95928075819586;0.7193791067533968;294.4450835732708
MOVE_VEHICLE;40000000000;veh_7;40.81363118268839;-73.95919093974108;0.5016465058104882;295.41300613657654
SEND_MESSAGE;40000000000;20;rsu_0;InterVehicleMsg
RECV_MESSAGE;40000400000;20;veh_3;InterVehicleMsg
RECV_MESSAGE;40001400000;20;veh_6;InterVehicleMsg
RECV_MESSAGE;40001900000;20;veh_1;InterVehicleMsg
MOVE_VEHICLE;41000000000;veh_4;40.81374237444816;-73.95951905285214;2.658839404169465;292.3101136929994
MOVE_VEHICLE;41000000000;veh_5;40.813705644880486;-73.95940518766152;2.5768803453450695;292.8597821343261
MOVE_VEHICLE;41000000000;veh_2;40.81354224804349;-73.96004876644984;9.441725078504533;207.78264549964354
MOVE_VEHICLE;41000000000;veh_3;40.81380723087088;-73.9596950421531;5.428336955401388;296.2628718239498
MOVE_VEHICLE;41000000000;veh_0;40.81261002592259;-73.96075820696372;9.899333314795513;208.10282356177484
MOVE_VEHICLE;41000000000;veh_1;40.81305224066105;-73.96044162752823;9.406655232305638;207.78440670677415
MOVE_VEHICLE;41000000000;veh_6;40.813668216888914;-73.95929384021142;1.2088207116003533;293.981611994067
MOVE_VEHICLE;41000000000;veh_7;40.81363354805356;-73.95919729665357;0.5968462517135593;295.41300613657654
MOVE_VEHICLE;42000000000;veh_4;40.81374361549737;-73.95952284096686;0.3492504716252661;292.3315875086901
MOVE_VEHICLE;42000000000;veh_5;40.81371399247665;-73.95943104944652;2.368850717256772;292.3375992175222
MOVE_VEHICLE;42000000000;veh_2;40.81346554612955;-73.96010349479516;9.686114218144212;207.7826454996429
MOVE_VEHICLE;42000000000;veh_3;40.813828961698654;-73.95975016612229;5.2396909659967745;296.74354212463186
MOVE_VEHICLE;42000000000;veh_0;40.81252028452455;-73.96077989998338;9.600269552669488;208.1674745644181
MOVE_VEHICLE;42000000000;veh_1;40.812976429181674;-73.96049572350375;9.57285238231998;207.78440670677296
MOVE_VEHICLE;42000000000;veh_6;40.81367560168213;-73.95931549368795;2.0008511750029783;293.4942898715186
MOVE_VEHICLE;42000000000;veh_7;40.8136374002389;-73.9592076493942;0.9720117838236321;295.41300613657654
SEND_MESSAGE;42000000000;21;rsu_0;InterVehicleMsg
RECV_MESSAGE;42000400000;21;veh_1;InterVehicleMsg
RECV_MESSAGE;42001400000;21;veh_6;InterVehicleMsg
RECV_MESSAGE;42001900000;21;veh_3;InterVehicleMsg
MOVE_VEHICLE;43000000000;veh_4;40.813743676736024;-73.95952301667306;0.016555265391312753;292.33688856965495
MOVE_VEHICLE;43000000000;veh_5;40.813716710113;-73.95943946899266;0.7712013899159684;292.3375992175222
MOVE_VEHICLE;43000000000;veh_2;40.81340603696494;-73.96018917102654;9.255176555830985;207.78440670677296
MOVE_VEHICLE;43000000000;veh_3;40.81383524351486;-73.95981762042258;5.994889694755616;272.17036176664465
MOVE_VEHICLE;43000000000;veh_0;40.812443182701976;-73.96083690032158;9.818377828109078;208.6432905998037
MOVE_VEHICLE;43000000000;veh_1;40.81290240541455;-73.96054854370158;9.347111338400282;207.78440670677415
MOVE_VEHICLE;43000000000;veh_6;40.813686566087384;-73.95934764322988;2.9707206900888052;293.4942898715186
MOVE_VEHICLE;43000000000;veh_7;40.81364680975279;-73.95923293745999;2.3742788354514914;295.41300613657654
MOVE_VEHICLE;44000000000;veh_4;40.81374737878287;-73.95953350155834;0.9774206707212816;292.70943489242757
MOVE_VEHICLE;44000000000;veh_5;40.81371715141449;-73.95944083619503;0.12523101633457423;292.3375992175248
MOVE_VEHICLE;44000000000;veh_2;40.81332767990899;-73.9602450841152;9.89430383045692;207.78440670677415
MOVE_VEHICLE;44000000000;veh_3;40.81378725783395;-73.95987394608836;7.254014970527496;216.0391075939331
MOVE_VEHICLE;44000000000;veh_0;40.812370122513755;-73.96089091258999;9.303700345335528;208.64329059980312
MOVE_VEHICLE;44000000000;veh_1;40.81282726735214;-73.96060215887216;9.487811931641772;207.78440670677296
MOVE_VEHICLE;44000000000;veh_6;40.81368848214464;-73.95935326144658;0.5191411231073071;293.4942898715186
MOVE_VEHICLE;44000000000;veh_7;40.81365644323266;-73.95925931787227;2.4636818345822795;295.20476570838446
SEND_MESSAGE;44000000000;22;rsu_0;InterVehicleMsg
RECV_MESSAGE;44000400000;22;veh_3;InterVehicleMsg
RECV_MESSAGE;44000900000;22;veh_1;InterVehicleMsg
RECV_MESSAGE;44001900000;22;veh_6;InterVehicleMsg
MOVE_VEHICLE;45000000000;veh_4;40.813754437479076;-73.95955346092907;1.8581569622462357;293.44578050560506
MOVE_VEHICLE;45000000000;veh_5;40.8137196124206;-73.95944846067412;0.6983759254315964;292.3375992175246
MOVE_VEHICLE;45000000000;veh_2;40.81324931198974;-73.96030100480131;9.895671803678852;207.78440670677415
MOVE_VEHICLE;45000000000;veh_3;40.81372219760651;-73.95992036826794;8.215982200603467;207.78264549964172
MOVE_VEHICLE;45000000000;veh_0;40.81229699309817;-73.96094497589682;9.312512436765246;208.64329059980312
MOVE_VEHICLE;45000000000;veh_1;40.812752147227876;-73.9606557611012;9.485543402901385;207.78440670677472
MOVE_VEHICLE;45000000000;veh_6;40.81369030286556;-73.95935860012138;0.4933105338705812;293.4942898715186
MOVE_VEHICLE;45000000000;veh_7;40.81365931422701;-73.95926773610637;0.7778723550301783;294.9064868838179
MOVE_VEHICLE;46000000000;veh_4;40.81376715720319;-73.95958942761895;3.3483888850738968;294.28096016723885
MOVE_VEHICLE;46000000000;veh_5;40.813725385126105;-73.95946634518593;1.6381592477152256;292.3375992175222
MOVE_VEHICLE;46000000000;veh_2;40.81317456812576;-73.96035433934098;9.438051695295144;207.78440670677296
MOVE_VEHICLE;46000000000;veh_3;40.81364572099507;-73.95997493620119;9.657670864162501;207.7826454996423
MOVE_VEHICLE;46000000000;veh_0;40.81222302842513;-73.9609996565522;9.418872963811737;208.6432905998034
MOVE_VEHICLE;46000000000;veh_1;40.812677992948984;-73.96070906388309;9.39786850643577;208.10282356177606
MOVE_VEHICLE;46000000000;veh_6;40.813693007851256;-73.95936653161833;0.7328954970790481;293.4942898715186
MOVE_VEHICLE;46000000000;veh_7;40.813661748307766;-73.95927487323895;0.6594943321156976;294.65359828768385
SEND_MESSAGE;46000000000;23;rsu_0;InterVehicleMsg
RECV_MESSAGE;46000400000;23;veh_3;InterVehicleMsg
RECV_MESSAGE;46000400000;23;veh_1;InterVehicleMsg
RECV_MESSAGE;46002400000;23;veh_6;InterVehicleMsg
MOVE_VEHICLE;47000000000;veh_4;40.81378502379267;-73.95963750378621;4.515132915620294;295.2781561502369
MOVE_VEHICLE;47000000000;veh_5;40.813734218293106;-73.95949373688744;2.509981677186875;292.327963380876
MOVE_VEHICLE;47000000000;veh_2;40.81309570876512;-73.96041061039932;9.95771967957262;207.78440670677472
MOVE_VEHICLE;47000000000;veh_3;40.81356822776145;-73.96003022936947;9.78604898386402;207.7826454996423
MOVE_VEHICLE;47000000000;veh_0;40.812148465716184;-73.96105477917865;9.495024915027898;208.64329059980466
MOVE_VEHICLE;47000000000;veh_1;40.81260404780988;-73.96076252939044;9.366018763917964;208.10282356177606
MOVE_VEHICLE;47000000000;veh_6;40.81369872458415;-73.95938374782915;1.5895196690570468;293.3145917097666
MOVE_VEHICLE;47000000000;veh_7;40.81366420336446;-73.95928207187832;0.6651777117760884;294.39853874355543
MOVE_VEHICLE;48000000000;veh_4;40.81380772624861;-73.95969629876245;5.560160955514826;296.27806839030774
MOVE_VEHICLE;48000000000;veh_5;40.813741879566074;-73.95951751678241;2.179889011645964;292.31119724969466
MOVE_VEHICLE;48000000000;veh_2;40.81302214060062;-73.96046310571934;9.289586970291566;207.78440670677415
MOVE_VEHICLE;48000000000;veh_3;40.813494231663526;-73.96008302711186;9.344418075750582;207.7826454996423
MOVE_VEHICLE;48000000000;veh_0;40.812073758890534;-73.96111000820119;9.513373465975747;208.6432905998034
MOVE_VEHICLE;48000000000;veh_1;40.81251369912904;-73.9607847684836;9.681675830332097;208.25795413912465
MOVE_VEHICLE;48000000000;veh_6;40.81370709951827;-73.95940969429003;2.376607238216525;292.7641783174291
MOVE_VEHICLE;48000000000;veh_7;40.8136685392849;-73.95929478553118;1.1747827884466742;293.9481248224708
SEND_MESSAGE;48000000000;24;rsu_0;InterVehicleMsg
RECV_MESSAGE;48001400000;24;veh_1;InterVehicleMsg
RECV_MESSAGE;48001900000;24;veh_3;InterVehicleMsg
RECV_MESSAGE;48001900000;24;veh_6;InterVehicleMsg
MOVE_VEHICLE;49000000000;veh_4;40.813827868900766;-73.9597473940507;4.856753360515364;296.74354212463186
MOVE_VEHICLE;49000000000;veh_5;40.813743461573175;-73.95952239932687;0.4484491766429012;292.3182657023018
MOVE_VEHICLE;49000000000;veh_2;40.81294415655685;-73.96051875188701;9.847184523649048;207.78440670677296
MOVE_VEHICLE;49000000000;veh_3;40.813431777076765;-73.96017080367248;9.627402095939033;207.78440670677415
MOVE_VEHICLE;49000000000;veh_0;40.811996699647466;-73.96116697615787;9.812932939792518;208.6432905998034
MOVE_VEHICLE;49000000000;veh_1;40.81243710578745;-73.96084139289594;9.753626011719462;208.6432905998037
MOVE_VEHICLE;49000000000;veh_6;40.813715233643;-73.95943489472056;2.3082728226853475;292.33759921752244
MOVE_VEHICLE;49000000000;veh_7;40.81367743328212;-73.95932086425495;2.409758233356325;293.49428987151833
MOVE_VEHICLE;50000000000;veh_4;40.81383678601277;-73.9598101649904;5.606972601416424;277.8166897611408
MOVE_VEHICLE;50000000000;veh_5;40.81374360488688;-73.95952281052318;0.03874344481355718;292.3306690795962
MOVE_VEHICLE;50000000000;veh_2;40.812866749758214;-73.96057398600556;9.774291069421452;207.78440670677472
MOVE_VEHICLE;50000000000;veh_3;40.81335823104893;-73.96022328381734;9.286806853138842;207.78440670677296
MOVE_VEHICLE;50000000000;veh_0;40.81191852789526;-73.96122435442273;9.943803163652774;208.352965376721
MOVE_VEHICLE;50000000000;veh_1;40.812362607161575;-73.96089646856582;9.486874915543012;208.64329059980312
MOVE_VEHICLE;50000000000;veh_6;40.81371625810058;-73.95943806860662;0.29071701326074595;292.3375992175222
MOVE_VEHICLE;50000000000;veh_7;40.8136876774399;-73.95935090191071;2.775575516972198;293.4942898715186
SEND_MESSAGE;50000000000;25;veh_0;DENM
SEND_MESSAGE;50000000000;26;rsu_0;InterVehicleMsg
RECV_MESSAGE;50000400000;26;veh_3;InterVehicleMsg
RECV_MESSAGE;50000900000;26;veh_1;InterVehicleMsg
RECV_MESSAGE;50001400000;26;veh_6;InterVehicleMsg
RECV_MESSAGE;50255387414;25;veh_0;DENM
RECV_MESSAGE;50301985580;25;veh_7;DENM
RECV_MESSAGE;50332881443;25;veh_4;DENM
RECV_MESSAGE;50334510760;25;veh_5;DENM
RECV_MESSAGE;50445495428;25;veh_2;DENM
MOVE_VEHICLE;51000000000;veh_4;40.813798209114346;-73.95986449768051;6.452039466507636;220.78707947991475
MOVE_VEHICLE;51000000000;veh_5;40.8137491286362;-73.95953844949221;1.457482073492978;292.89149146355066
MOVE_VEHICLE;51000000000;veh_2;40.812791320298636;-73.96062780903638;9.524605502432678;207.78440670677415
MOVE_VEHICLE;51000000000;veh_3;40.81328463490019;-73.96027579959092;9.293132408638485;207.78440670677415
MOVE_VEHICLE;51000000000;veh_0;40.81184421040483;-73.96127885910842;9.44391007910599;208.44875092239178
MOVE_VEHICLE;51000000000;veh_1;40.81228750438805;-73.96095199072514;9.563805154059082;208.6432905998037
MOVE_VEHICLE;51000000000;veh_6;40.81371696523567;-73.95944025939176;0.2006683565901732;292.3375992175222
MOVE_VEHICLE;51000000000;veh_7;40.81368888531602;-73.95935444361605;0.3272648499285355;293.4942898715186
SEND_MESSAGE;51000000000;27;veh_0;DENM
RECV_MESSAGE;51191101100;27;veh_0;DENM
RECV_MESSAGE;51209456774;27;veh_5;DENM
RECV_MESSAGE;51259488585;27;veh_7;DENM
RECV_MESSAGE;51279055440;27;veh_2;DENM
RECV_MESSAGE;51397053699;27;veh_4;DENM
MOVE_VEHICLE;52000000000;veh_4;40.813742609102505;-73.95990580414136;7.0917491843830796;207.7826454996423
MOVE_VEHICLE;52000000000;veh_5;40.81375790581805;-73.95956326810837;2.3105378102996874;293.8079080905544
MOVE_VEHICLE;52000000000;veh_2;40.812717820152265;-73.96068026704896;9.299733436084352;207.79446017355218
MOVE_VEHICLE;52000000000;veh_3;40.81320997114223;-73.9603290770361;9.427938168460969;207.78440670677296
MOVE_VEHICLE;52000000000;veh_0;40.81177382383696;-73.96133044381287;8.944016994559206;208.42831270123773
MOVE_VEHICLE;52000000000;veh_1;40.812212400326075;-73.96100751368894;9.563965510868002;208.6432905998034
MOVE_VEHICLE;52000000000;veh_6;40.81372061985672;-73.95945158182737;1.0370959454272044;292.33759921752244
MOVE_VEHICLE;52000000000;veh_7;40.8136897698048;-73.95935703709313;0.23964553170923616;293.49428987151833
SEND_MESSAGE;52000000000;28;veh_0;DENM
SEND_MESSAGE;52000000000;29;rsu_0;InterVehicleMsg
RECV_MESSAGE;52000400000;29;veh_3;InterVehicleMsg
RECV_MESSAGE;52001900000;29;veh_1;InterVehicleMsg
RECV_MESSAGE;52001900000;29;veh_6;InterVehicleMsg
RECV_MESSAGE;52289031921;28;veh_5;DENM
RECV_MESSAGE;52305544474;28;veh_7;DENM
RECV_MESSAGE;52351037983;28;veh_0;DENM
RECV_MESSAGE;52371521822;28;veh_4;DENM
RECV_MESSAGE;52384759575;28;veh_2;DENM
MOVE_VEHICLE;53000000000;veh_4;40.81368008429947;-73.959950417161;7.895800263471902;207.78264549964354
MOVE_VEHICLE;53000000000;veh_5;40.8137709428555;-73.95960013205662;3.43192051511924;294.28096016723856
MOVE_VEHICLE;53000000000;veh_2;40.812627829072454;-73.96070206430187;9.6376012529945;208.10282356177606
MOVE_VEHICLE;53000000000;veh_3;40.8131326365468;-73.96038426014987;9.765186423028354;207.78440670677472
MOVE_VEHICLE;53000000000;veh_0;40.811707370772446;-73.96137913958177;8.444123910012422;208.42831270123895
MOVE_VEHICLE;53000000000;veh_1;40.81213963201391;-73.9610613097374;9.266520919220056;208.6432905998034
MOVE_VEHICLE;53000000000;veh_6;40.81372742776068;-73.95947267350779;1.9319246771452119;292.3375992175246
MOVE_VEHICLE;53000000000;veh_7;40.81369405523807;-73.95936960274247;1.1611058798143417;293.4942898715186
SEND_MESSAGE;53000000000;30;veh_0;DENM
RECV_MESSAGE;53215952531;30;veh_7;DENM
RECV_MESSAGE;53233907936;30;veh_5;DENM
RECV_MESSAGE;53243372845;30;veh_2;DENM
RECV_MESSAGE;53303811170;30;veh_0;DENM
RECV_MESSAGE;53416099639;30;veh_4;DENM
MOVE_VEHICLE;54000000000;veh_4;40.813607255020706;-73.96000238255948;9.197074155290611;207.78264549964172
MOVE_VEHICLE;54000000000;veh_5;40.81379055117886;-73.95965191431644;4.879803401804205;295.77513378596126
MOVE_VEHICLE;54000000000;veh_2;40.812553774086055;-73.96075560920123;9.379932487616315;208.10282356177606
MOVE_VEHICLE;54000000000;veh_3;40.81305412418768;-73.96044028351871;9.91390113986563;207.78440670677296
MOVE_VEHICLE;54000000000;veh_0;40.81164485171626;-73.96142495246607;7.944230825465638;208.42831270123895
MOVE_VEHICLE;54000000000;veh_1;40.8120637310282;-73.96111742155595;9.665440631855745;208.6432905998034
MOVE_VEHICLE;54000000000;veh_6;40.81373742841115;-73.95950370079962;2.843715456471323;292.3209401984559
MOVE_VEHICLE;54000000000;veh_7;40.81369956151926;-73.95938634074446;1.5432402838365245;293.259589931742
SEND_MESSAGE;54000000000;31;rsu_0;InterVehicleMsg
RECV_MESSAGE;54000400000;31;veh_1;InterVehicleMsg
RECV_MESSAGE;54000900000;31;veh_3;InterVehicleMsg
RECV_MESSAGE;54001900000;31;veh_6;InterVehicleMsg
MOVE_VEHICLE;55000000000;veh_4;40.81353282636215;-73.96005548901535;9.399044714635238;207.7826454996423
MOVE_VEHICLE;55000000000;veh_5;40.81381596545393;-73.95971719890775;6.185559272395588;296.5308822994397
MOVE_VEHICLE;55000000000;veh_2;40.81248049945186;-73.96080931257086;9.302491501322947;208.6432905998044
MOVE_VEHICLE;55000000000;veh_3;40.81297832685227;-73.96049436940528;9.571066487405915;207.78440670677472
MOVE_VEHICLE;55000000000;veh_0;40.81159020070415;-73.96146499970051;6.94444465637207;208.42831270123773
MOVE_VEHICLE;55000000000;veh_1;40.81198873692189;-73.96117286279134;9.549952380766626;208.6432905998034
MOVE_VEHICLE;55000000000;veh_6;40.813741663601796;-73.95951684644868;1.205053876510661;292.3116700881761
MOVE_VEHICLE;55000000000;veh_7;40.81370868163862;-73.95941459587446;2.5880733533291216;292.66019594264674
MOVE_VEHICLE;56000000000;veh_4;40.81345911766176;-73.96010808162842;9.308123184018768;207.7826454996423
MOVE_VEHICLE;56000000000;veh_5;40.813845573146274;-73.95979175941083;7.098965784746364;296.9860654140033
MOVE_VEHICLE;56000000000;veh_2;40.81240582979731;-73.96086451476441;9.508656342164613;208.64329059980312
MOVE_VEHICLE;56000000000;veh_3;40.812902623761346;-73.96054838789881;9.559162556193769;207.78440670677415
MOVE_VEHICLE;56000000000;veh_0;40.81153554967683;-73.96150504686858;6.94444465637207;208.42831270123895
MOVE_VEHICLE;56000000000;veh_1;40.81191202169637;-73.96122912609557;9.756585002178326;208.41180511217374
MOVE_VEHICLE;56000000000;veh_6;40.81374313587941;-73.95952141626682;0.4189124919274618;292.3084463912834
MOVE_VEHICLE;56000000000;veh_7;40.81371434686819;-73.95943214739161;1.6076586290164196;292.33759921752244
SEND_MESSAGE;56000000000;32;rsu_0;InterVehicleMsg
RECV_MESSAGE;56000400000;32;veh_3;InterVehicleMsg
RECV_MESSAGE;56000900000;32;veh_6;InterVehicleMsg
RECV_MESSAGE;56002400000;32;veh_1;InterVehicleMsg
MOVE_VEHICLE;57000000000;veh_4;40.81339424012849;-73.96019758888156;9.932983957929537;207.78440670677415
MOVE_VEHICLE;57000000000;veh_5;40.81387780252088;-73.9598719389831;7.655379122805316;297.20203792236947
MOVE_VEHICLE;57000000000;veh_2;40.812329151035804;-73.96092120210933;9.764498183212709;208.6432905998037
MOVE_VEHICLE;57000000000;veh_3;40.81282412779706;-73.9606043991156;9.911819890781771;207.78440670677296
MOVE_VEHICLE;57000000000;veh_0;40.8114808986343;-73.96154509397027;6.94444465637207;208.42831270123895
MOVE_VEHICLE;57000000000;veh_1;40.81183653461801;-73.96128448854691;9.592535354779102;208.44875092239053
MOVE_VEHICLE;57000000000;veh_6;40.813749289864276;-73.95953890538524;1.6296535586505925;292.908324157264
MOVE_VEHICLE;57000000000;veh_7;40.813715934908885;-73.95943706732197;0.45064865650248276;292.3375992175222
MOVE_VEHICLE;58000000000;veh_4;40.8133159906189;-73.96025342520547;9.880723172158469;207.78440670677296
MOVE_VEHICLE;58000000000;veh_5;40.813910026977304;-73.9599517516958;7.625662419055589;297.36244917113004
MOVE_VEHICLE;58000000000;veh_2;40.812253960943025;-73.96097678875614;9.574922982195858;208.64329059980312
MOVE_VEHICLE;58000000000;veh_3;40.81274802295714;-73.960658703985;9.609884921170305;207.78440670677415
MOVE_VEHICLE;58000000000;veh_0;40.81142624757656;-73.96158514100559;6.94444465637207;208.42831270123773
MOVE_VEHICLE;58000000000;veh_1;40.811757994895174;-73.96134204302484;9.979982974997256;208.42831270123895
MOVE_VEHICLE;58000000000;veh_6;40.81375964348344;-73.95956818158444;2.7255251787636228;293.9893268012383
MOVE_VEHICLE;58000000000;veh_7;40.81372006216424;-73.95944985403172;1.171218421604514;292.3375992175222
SEND_MESSAGE;58000000000;33;rsu_0;InterVehicleMsg
RECV_MESSAGE;58000400000;33;veh_3;InterVehicleMsg
RECV_MESSAGE;58000900000;33;veh_1;InterVehicleMsg
RECV_MESSAGE;58002400000;33;veh_6;InterVehicleMsg
MOVE_VEHICLE;59000000000;veh_4;40.813237321948556;-73.96030956047397;9.933647668629419;207.78440670677296
MOVE_VEHICLE;59000000000;veh_5;40.81394419877419;-73.96003593276329;8.049875488604885;297.4354100429515
MOVE_VEHICLE;59000000000;veh_2;40.812177552296944;-73.96103327610489;9.730093249992933;208.64329059980466
MOVE_VEHICLE;59000000000;veh_3;40.81266036232817;-73.96067854133244;9.349388228787575;208.10282356177606
MOVE_VEHICLE;59000000000;veh_0;40.81137159650361;-73.9616251879745;6.94444465637207;208.42831270123895
MOVE_VEHICLE;59000000000;veh_1;40.81168189216026;-73.96139780988085;9.670296778262127;208.42831270123895
MOVE_VEHICLE;59000000000;veh_6;40.81377569056868;-73.95961317101602;4.194596303560378;294.4384328707268
MOVE_VEHICLE;59000000000;veh_7;40.81372748175032;-73.95947284077405;2.1055057839290536;292.3375992175246
MOVE_VEHICLE;60000000000;veh_4;40.813161219742994;-73.96036386425324;9.609571513428818;207.78440670677415
MOVE_VEHICLE;60000000000;veh_5;40.81397659888815;-73.96011574956822;7.632532012283336;297.4354100429495
MOVE_VEHICLE;60000000000;veh_2;40.81210089968828;-73.96108994365619;9.761156267428305;208.6432905998034
MOVE_VEHICLE;60000000000;veh_3;40.812585960943146;-73.96073233675418;9.423809450934641;208.10282356177606
MOVE_VEHICLE;60000000000;veh_0;40.81131695279836;-73.96166525113732;6.94444465637207;208.44661434044033
MOVE_VEHICLE;60000000000;veh_1;40.81160395998117;-73.96145491716825;9.902758498850744;208.42831270123895
MOVE_VEHICLE;60000000000;veh_6;40.81379629270786;-73.959666883149;5.073655715203917;296.1069765991013
MOVE_VEHICLE;60000000000;veh_7;40.8137380806048;-73.95950572514937;3.01396540319876;292.3195129725094
SEND_MESSAGE;60000000000;34;rsu_0;InterVehicleMsg
RECV_MESSAGE;60001900000;34;veh_1;InterVehicleMsg
RECV_MESSAGE;60002400000;34;veh_3;InterVehicleMsg
RECV_MESSAGE;60002400000;34;veh_6;InterVehicleMsg
MOVE_VEHICLE;61000000000;veh_4;40.81308359209669;-73.96041925638198;9.802188191388268;207.78440670677472
MOVE_VEHICLE;61000000000;veh_5;40.8140115547018;-73.96020186250871;8.23459550311789;297.4354100429515
MOVE_VEHICLE;61000000000;veh_2;40.812023341095504;-73.96114728082426;9.876522860606201;208.6432905998034
MOVE_VEHICLE;61000000000;veh_3;40.8125072314959;-73.96078954992251;9.975194941507652;208.34681996448865
MOVE_VEHICLE;61000000000;veh_0;40.81126231478471;-73.9617053268026;6.94444465637207;208.4516756264086
MOVE_VEHICLE;61000000000;veh_1;40.81152587708697;-73.96151213473883;9.921905764495023;208.42831270123773
MOVE_VEHICLE;61000000000;veh_6;40.813822913471505;-73.9597348237472;6.4468928809427455;296.7441632631819
MOVE_VEHICLE;61000000000;veh_7;40.81374164449615;-73.95951678714643;1.0140467200170067;292.3117119180515
MOVE_VEHICLE;62000000000;veh_4;40.813006056085825;-73.9604745829721;9.790613531891722;207.78440670677472
MOVE_VEHICLE;62000000000;veh_5;40.81404431501531;-73.96028256710369;7.717411670992151;297.4354100429515
MOVE_VEHICLE;62000000000;veh_2;40.81194540867732;-73.96120463993566;9.920515265432186;208.4287059898668
MOVE_VEHICLE;62000000000;veh_3;40.812432035276004;-73.96084514145043;9.575712055258919;208.64329059980312
MOVE_VEHICLE;62000000000;veh_0;40.811207694827004;-73.9617454400246;6.94444465637207;208.4946367434476
MOVE_VEHICLE;62000000000;veh_1;40.81145024983033;-73.96156755271684;9.609866894141305;208.42831270123895
MOVE_VEHICLE;62000000000;veh_6;40.81383645877125;-73.95981174666342;6.94001261560712;276.61891827711855
MOVE_VEHICLE;62000000000;veh_7;40.8137431028172;-73.95952131364464;0.4149413790071165;292.308518790686
SEND_MESSAGE;62000000000;35;rsu_0;InterVehicleMsg
RECV_MESSAGE;62000400000;35;veh_6;InterVehicleMsg
RECV_MESSAGE;62000900000;35;veh_1;InterVehicleMsg
RECV_MESSAGE;62001400000;35;veh_3;InterVehicleMsg
MOVE_VEHICLE;63000000000;veh_4;40.812927656587334;-73.9605305255589;9.899643951444887;207.78440670677415
MOVE_VEHICLE;63000000000;veh_5;40.814077052875994;-73.96036321660365;7.71213551894296;297.4354100429495
MOVE_VEHICLE;63000000000;veh_2;40.8118691417762;-73.96126057437675;9.691633116221055;208.44875092239178
MOVE_VEHICLE;63000000000;veh_3;40.812356328335774;-73.96090111039695;9.640744947071653;208.64329059980312
MOVE_VEHICLE;63000000000;veh_0;40.811153093630985;-73.96178559227273;6.94444465637207;208.51474898578232
MOVE_VEHICLE;63000000000;veh_1;40.81137555169015;-73.96162228971319;9.4918015205767;208.42831270123773
MOVE_VEHICLE;63000000000;veh_6;40.81379537727141;-73.95986697337365;6.691066329334863;219.57845124937296
MOVE_VEHICLE;63000000000;veh_7;40.813748829488546;-73.95953760361392;1.5178699001187241;292.86025979221785
SEND_MESSAGE;63000000000;36;veh_2;DENM
RECV_MESSAGE;63170910050;36;veh_0;DENM
RECV_MESSAGE;63182094977;36;veh_4;DENM
RECV_MESSAGE;63197921236;36;veh_7;DENM
RECV_MESSAGE;63213569718;36;veh_2;DENM
RECV_MESSAGE;63242389710;36;veh_5;DENM
MOVE_VEHICLE;64000000000;veh_4;40.812851927383065;-73.96058456258942;9.562457587802783;207.78440670677472
MOVE_VEHICLE;64000000000;veh_5;40.81411144141569;-73.96044793277409;8.101003994508646;297.4354100429515
MOVE_VEHICLE;64000000000;veh_2;40.81179647615025;-73.9613138445249;9.233768372912891;208.42936176905442
MOVE_VEHICLE;64000000000;veh_3;40.812280587622936;-73.96095710416047;9.64504186931299;208.6432905998037
MOVE_VEHICLE;64000000000;veh_0;40.81109849241968;-73.96182574445437;6.94444465637207;208.51474898578354
MOVE_VEHICLE;64000000000;veh_1;40.81130165422315;-73.9616764722811;9.391461262130179;208.45167562640978
MOVE_VEHICLE;64000000000;veh_6;40.81373980707868;-73.95990780345794;7.068372505742591;207.7826454996423
MOVE_VEHICLE;64000000000;veh_7;40.81375803817448;-73.95956364236346;2.4241285292298316;293.82172691835393
SEND_MESSAGE;64000000000;37;veh_2;DENM
SEND_MESSAGE;64000000000;38;rsu_0;InterVehicleMsg
RECV_MESSAGE;64000400000;38;veh_3;InterVehicleMsg
RECV_MESSAGE;64000400000;38;veh_6;InterVehicleMsg
RECV_MESSAGE;64001400000;38;veh_1;InterVehicleMsg
RECV_MESSAGE;64199317966;37;veh_4;DENM
RECV_MESSAGE;64208125115;37;veh_7;DENM
RECV_MESSAGE;64228382475;37;veh_5;DENM
RECV_MESSAGE;64278731808;37;veh_2;DENM
RECV_MESSAGE;64283819660;37;veh_0;DENM
MOVE_VEHICLE;65000000000;veh_4;40.812760920714176;-73.96060625217002;9.758101664774586;207.7826454996429
MOVE_VEHICLE;65000000000;veh_5;40.81414529422338;-73.96053132940268;7.974814232364297;297.4354100429515
MOVE_VEHICLE;65000000000;veh_2;40.811727412072926;-73.96136445364152;8.775903629604727;208.42831270123773
MOVE_VEHICLE;65000000000;veh_3;40.812206614334315;-73.96101179115331;9.419969296315685;208.6432905998034
MOVE_VEHICLE;65000000000;veh_0;40.8110438911931;-73.96186589656953;6.94444465637207;208.51474898578257
MOVE_VEHICLE;65000000000;veh_1;40.81122771288837;-73.96173071926225;9.398458814539481;208.46252014059957
MOVE_VEHICLE;65000000000;veh_6;40.81367335915368;-73.95995521571582;8.391222460919526;207.7826454996423
MOVE_VEHICLE;65000000000;veh_7;40.813770691506285;-73.95959942133302;3.330912333469071;294.28096016723856
SEND_MESSAGE;65000000000;39;veh_2;DENM
RECV_MESSAGE;65185931436;39;veh_7;DENM
RECV_MESSAGE;65232383903;39;veh_5;DENM
RECV_MESSAGE;65235814700;39;veh_2;DENM
RECV_MESSAGE;65275116523;39;veh_0;DENM
RECV_MESSAGE;65381931012;39;veh_4;DENM
MOVE_VEHICLE;66000000000;veh_4;40.81268383227889;-73.96066157151289;9.73872671049321;208.05129578337952
MOVE_VEHICLE;66000000000;veh_5;40.8141687426319;-73.9605891824223;5.632108093692267;297.3992127182837
MOVE_VEHICLE;66000000000;veh_2;40.81166195124952;-73.9614124222336;8.318038886296563;208.42831270123773
MOVE_VEHICLE;66000000000;veh_3;40.81212941232986;-73.96106886491894;9.831119320821017;208.6432905998034
MOVE_VEHICLE;66000000000;veh_0;40.81098928995122;-73.9619060486182;6.94444465637207;208.5147489857829
MOVE_VEHICLE;66000000000;veh_1;40.81115377679284;-73.96178508989439;9.403551353665534;208.51474898578354
MOVE_VEHICLE;66000000000;veh_6;40.81359587767914;-73.9600105005475;9.784565324862488;207.7826454996423
MOVE_VEHICLE;66000000000;veh_7;40.81378847719758;-73.95964650720836;4.435213432436042;295.58869368731246
SEND_MESSAGE;66000000000;40;rsu_0;InterVehicleMsg
RECV_MESSAGE;66000400000;40;veh_3;InterVehicleMsg
RECV_MESSAGE;66000900000;40;veh_1;InterVehicleMsg
RECV_MESSAGE;66001400000;40;veh_6;InterVehicleMsg
MOVE_VEHICLE;67000000000;veh_4;40.81261057831528;-73.96071453734423;9.27847615571227;208.10282356177606
MOVE_VEHICLE;67000000000;veh_5;40.814185614675466;-73.96066092181226;6.4364228601207;283.6721862638104
MOVE_VEHICLE;67000000000;veh_2;40.811587340860235;-73.96146709533825;9.480661343666725;208.42831270123895
MOVE_VEHICLE;67000000000;veh_3;40.81205227327816;-73.9611258919887;9.823098813882098;208.6432905998037
MOVE_VEHICLE;67000000000;veh_0;40.81093468869408;-73.96194620060038;6.94444465637207;208.51474898578232
MOVE_VEHICLE;67000000000;veh_1;40.81107683923717;-73.96184166756893;9.785287833855811;208.51474898578232
MOVE_VEHICLE;67000000000;veh_6;40.813517615923416;-73.96006634197488;9.883097566082142;207.7826454996423
MOVE_VEHICLE;67000000000;veh_7;40.81381030876406;-73.95970284975043;5.332386758491095;296.35729849382403
MOVE_VEHICLE;68000000000;veh_4;40.81253569031986;-73.96076868451071;9.485442017496098;208.10282356177606
MOVE_VEHICLE;68000000000;veh_5;40.8141531037101;-73.96073434974018;7.5854370626493335;228.27609912037863
MOVE_VEHICLE;68000000000;veh_2;40.81153268983211;-73.96150714250284;6.94444465637207;208.42831270123773
MOVE_VEHICLE;68000000000;veh_3;40.81197548672821;-73.96118265830718;9.778206378105097;208.6432905998034
MOVE_VEHICLE;68000000000;veh_0;40.81088008742166;-73.96198635251609;6.94444465637207;208.51474898578232
MOVE_VEHICLE;68000000000;veh_1;40.811009434677466;-73.96189123482448;8.572832450994149;208.51474898578232
MOVE_VEHICLE;68000000000;veh_6;40.813439616783114;-73.96012199586757;9.84993008011952;207.78264549964354
MOVE_VEHICLE;68000000000;veh_7;40.813829123609516;-73.95975057683732;4.536595919557587;296.74354212463186
SEND_MESSAGE;68000000000;41;rsu_0;InterVehicleMsg
RECV_MESSAGE;68001400000;41;veh_6;InterVehicleMsg
RECV_MESSAGE;68001900000;41;veh_1;InterVehicleMsg
RECV_MESSAGE;68002400000;41;veh_3;InterVehicleMsg
MOVE_VEHICLE;69000000000;veh_4;40.81245808131694;-73.96082588598851;9.866763461846858;208.64329059980312
MOVE_VEHICLE;69000000000;veh_5;40.8140958653941;-73.96077899731888;7.397298824286555;208.38549314118313
MOVE_VEHICLE;69000000000;veh_2;40.81147803878879;-73.96154718960106;6.94444465637207;208.42831270123924
MOVE_VEHICLE;69000000000;veh_3;40.811899112625326;-73.96123859365778;9.709692886855919;208.44875092239053
MOVE_VEHICLE;69000000000;veh_0;40.810825486133936;-73.9620265043653;6.94444465637207;208.51474898578257
MOVE_VEHICLE;69000000000;veh_1;40.81095231601366;-73.96193323805346;7.264620975487328;208.51474898578317
MOVE_VEHICLE;69000000000;veh_6;40.81337852489618;-73.96020880277632;9.454758021689486;207.78440670677472
MOVE_VEHICLE;69000000000;veh_7;40.81385404777535;-73.9598128423971;5.939259012967088;297.1706753821325
MOVE_VEHICLE;70000000000;veh_4;40.812381977401216;-73.96088214846436;9.691298274032306;208.6432905998037
MOVE_VEHICLE;70000000000;veh_5;40.8140322290204;-73.96082554949233;8.080378793978598;208.38549314118313
MOVE_VEHICLE;70000000000;veh_2;40.81142338773025;-73.9615872366329;6.94444465637207;208.42831270123895
MOVE_VEHICLE;70000000000;veh_3;40.81182046950304;-73.96129626252805;9.993507921753917;208.44182476821618
MOVE_VEHICLE;70000000000;veh_0;40.810770884830944;-73.96206665614802;6.94444465637207;208.5147489857829
MOVE_VEHICLE;70000000000;veh_1;40.81089247672076;-73.9619772418544;7.610641132638988;208.51474898578317
MOVE_VEHICLE;70000000000;veh_6;40.81329981419884;-73.96026496815742;9.938957511563785;207.78440670677296
MOVE_VEHICLE;70000000000;veh_7;40.81388283804088;-73.95988446626518;6.838496844381299;297.2020379223674
SEND_MESSAGE;70000000000;42;rsu_0;InterVehicleMsg
RECV_MESSAGE;70000400000;42;veh_6;InterVehicleMsg
RECV_MESSAGE;70001400000;42;veh_3;InterVehicleMsg
RECV_MESSAGE;70001900000;42;veh_1;InterVehicleMsg
MOVE_VEHICLE;71000000000;veh_4;40.812307322812245;-73.96093733932713;9.506732997309882;208.64329059980497
MOVE_VEHICLE;71000000000;veh_5;40.81397148230022;-73.960869987688;7.713455778879579;208.38549314118495
MOVE_VEHICLE;71000000000;veh_2;40.811368736656505;-73.96162728359835;6.94444465637207;208.42831270123773
MOVE_VEHICLE;71000000000;veh_3;40.811743805535635;-73.96135244076994;9.741615105420351;208.42831270123773
MOVE_VEHICLE;71000000000;veh_0;40.81071628351267;-73.96210680786426;6.94444465637207;208.51474898578232
MOVE_VEHICLE;71000000000;veh_1;40.810837396640494;-73.96201774580811;7.0053401465151515;208.51474898578232
MOVE_VEHICLE;71000000000;veh_6;40.81322460374942;-73.96031863573066;9.496970650390722;207.78440670677415
MOVE_VEHICLE;71000000000;veh_7;40.81391545808536;-73.95996513103127;7.708993400139734;297.42214162144234
MOVE_VEHICLE;72000000000;veh_4;40.81223221569531;-73.96099286458848;9.564355519076344;208.64329059980312
MOVE_VEHICLE;72000000000;veh_5;40.813909840685945;-73.96091508042998;7.827084603062831;208.38549314118367
MOVE_VEHICLE;72000000000;veh_2;40.81131409363544;-73.9616673482663;6.94444465637207;208.44831235824108
MOVE_VEHICLE;72000000000;veh_3;40.81166641754993;-73.96140914940719;9.833611540030688;208.42831270123773
MOVE_VEHICLE;72000000000;veh_0;40.810661682179095;-73.96214695951402;6.94444465637207;208.51474898578317
MOVE_VEHICLE;72000000000;veh_1;40.8107841486881;-73.96205690240423;6.772319743775113;208.51474898578317
MOVE_VEHICLE;72000000000;veh_6;40.81314808490006;-73.960373236787;9.662181317282375;207.78440670677296
MOVE_VEHICLE;72000000000;veh_7;40.81394791673211;-73.96004509184134;7.6463092567701825;297.4354100429495
SEND_MESSAGE;72000000000;43;rsu_0;InterVehicleMsg
RECV_MESSAGE;72001400000;43;veh_3;InterVehicleMsg
RECV_MESSAGE;72001400000;43;veh_6;InterVehicleMsg
RECV_MESSAGE;72002400000;43;veh_1;InterVehicleMsg
MOVE_VEHICLE;73000000000;veh_4;40.81215729433478;-73.96104825237613;9.540697061107494;208.6432905998034
MOVE_VEHICLE;73000000000;veh_5;40.81384745478638;-73.96096071753944;7.92158943220973;208.38549314118367
MOVE_VEHICLE;73000000000;veh_2;40.81125945562101;-73.96170742392809;6.94444465637207;208.45167562640978
MOVE_VEHICLE;73000000000;veh_3;40.81158823070473;-73.96146644327762;9.935117860208265;208.42831270123773
MOVE_VEHICLE;73000000000;veh_0;40.81060412421015;-73.96217744362541;6.94444465637207;198.67776955458612
MOVE_VEHICLE;73000000000;veh_1;40.81072556976462;-73.96209997911606;7.450335055132071;208.5147489857829
MOVE_VEHICLE;73000000000;veh_6;40.81307088196446;-73.96042832583333;9.748558566439897;207.78440670677415
MOVE_VEHICLE;73000000000;veh_7;40.8139825224964;-73.96013034224;8.152121628036257;297.4354100429515
MOVE_VEHICLE;74000000000;veh_4;40.8120820041393;-73.96110391268732;9.58766181365354;208.6432905998034
MOVE_VEHICLE;74000000000;veh_5;40.813784423347705;-73.96100679500755;8.105110293587204;208.3676156258106
MOVE_VEHICLE;74000000000;veh_2;40.811204837590715;-73.96174754116109;6.94444465637207;208.4992210004584
MOVE_VEHICLE;74000000000;veh_3;40.811513358543856;-73.9615213080601;9.513920797442552;208.42831270123895
MOVE_VEHICLE;74000000000;veh_0;40.81055325803621;-73.96214274030598;6.94444465637207;140.4930893328115
MOVE_VEHICLE;74000000000;veh_1;40.81067094335245;-73.96214014922083;6.947634597604004;208.51474898578257
MOVE_VEHICLE;74000000000;veh_6;40.81299607165039;-73.96048170745412;9.446434306213632;207.78440670677415
MOVE_VEHICLE;74000000000;veh_7;40.81401560845231;-73.96021184885718;7.794112218644004;297.4354100429515
SEND_MESSAGE;74000000000;44;rsu_0;InterVehicleMsg
RECV_MESSAGE;74001400000;44;veh_6;InterVehicleMsg
RECV_MESSAGE;74001900000;44;veh_1;InterVehicleMsg
RECV_MESSAGE;74002400000;44;veh_3;InterVehicleMsg
MOVE_VEHICLE;75000000000;veh_4;40.812005733308766;-73.96116029780775;9.712534785445314;208.6432905998037
MOVE_VEHICLE;75000000000;veh_5;40.81372251383178;-73.96105205015449;7.862722774427384;208.36761562581154
MOVE_VEHICLE;75000000000;veh_2;40.8111502363939;-73.96178769340574;6.94444465637207;208.51474898578232
MOVE_VEHICLE;75000000000;veh_3;40.81143762035445;-73.96157680730249;9.62396237521898;208.42831270123924
MOVE_VEHICLE;75000000000;veh_0;40.81052466569363;-73.96206951013718;6.94444465637207;116.51937898307457
MOVE_VEHICLE;75000000000;veh_1;40.81061788682236;-73.96217439069714;6.567040956610265;204.47998588513616
MOVE_VEHICLE;75000000000;veh_6;40.81292124317222;-73.96053510189552;9.448724497284275;207.78440670677296
MOVE_VEHICLE;75000000000;veh_7;40.814050009680884;-73.9602965958585;8.103967317887582;297.4354100429492
MOVE_VEHICLE;76000000000;veh_4;40.811932457781985;-73.96121413818318;9.324030321091413;208.36459168881478
MOVE_VEHICLE;76000000000;veh_5;40.813658092984056;-73.96109914095089;8.1816679846216;208.36761562581182
MOVE_VEHICLE;76000000000;veh_2;40.811095635181786;-73.96182784558391;6.94444465637207;208.51474898578354
MOVE_VEHICLE;76000000000;veh_3;40.8113594935795;-73.96163405669064;9.927473230811302;208.42831270123895
MOVE_VEHICLE;76000000000;veh_1;40.81056348751656;-73.96216058050557;6.606903262892738;161.5526367006628
MOVE_VEHICLE;76000000000;veh_6;40.81284563369226;-73.96058905348399;9.547339497250505;207.78440670677296
MOVE_VEHICLE;76000000000;veh_7;40.81408457084763;-73.96038173710696;8.14165884580696;297.4354100429492
SEND_MESSAGE;76000000000;45;rsu_0;InterVehicleMsg
RECV_MESSAGE;76001900000;45;veh_6;InterVehicleMsg
RECV_MESSAGE;76002400000;45;veh_3;InterVehicleMsg
RECV_MESSAGE;76002400000;45;veh_1;InterVehicleMsg
MOVE_VEHICLE;77000000000;veh_4;40.81185793514946;-73.96126879334753;9.469979220302776;208.44875092239053
MOVE_VEHICLE;77000000000;veh_5;40.81359797485343;-73.96114308642053;7.635205786309671;208.36761562581182
MOVE_VEHICLE;77000000000;veh_2;40.81104103395441;-73.96186799769559;6.94444465637207;208.51474898578232
MOVE_VEHICLE;77000000000;veh_3;40.811285123661946;-73.96168859705067;9.451997394382488;208.45167562640978
MOVE_VEHICLE;77000000000;veh_1;40.81053264772923;-73.96208995355808;6.898609586341772;116.51937898307341
MOVE_VEHICLE;77000000000;veh_6;40.81277143324424;-73.96064199950987;9.36941520345863;207.78440670677296
MOVE_VEHICLE;77000000000;veh_7;40.81411699252735;-73.96046160796061;7.637667907152791;297.4354100429518
SEND_MESSAGE;77000000000;46;veh_4;DENM
RECV_MESSAGE;77342327720;46;veh_5;DENM
RECV_MESSAGE;77398374330;46;veh_4;DENM
RECV_MESSAGE;77421411594;46;veh_7;DENM
RECV_MESSAGE;77531353164;46;veh_2;DENM
MOVE_VEHICLE;78000000000;veh_4;40.81178672261162;-73.96132099177875;9.049056792980991;208.42831270123799
MOVE_VEHICLE;78000000000;veh_5;40.81353579881355;-73.96118853609322;7.896564771521371;208.36761562581182
MOVE_VEHICLE;78000000000;veh_2;40.81098643271175;-73.96190814974078;6.94444465637207;208.51474898578317
MOVE_VEHICLE;78000000000;veh_3;40.8112073190895;-73.96174571633209;9.891221271536779;208.49523958850514
MOVE_VEHICLE;78000000000;veh_6;40.81268066944721;-73.96066385838185;9.733308012480848;208.07690325012146
MOVE_VEHICLE;78000000000;veh_7;40.8141502460065;-73.96054354639662;7.935354351806454;297.42694084785563
SEND_MESSAGE;78000000000;47;veh_4;DENM
SEND_MESSAGE;78000000000;48;rsu_0;InterVehicleMsg
RECV_MESSAGE;78001400000;48;veh_3;InterVehicleMsg
RECV_MESSAGE;78002400000;48;veh_6;InterVehicleMsg
RECV_MESSAGE;78181989716;47;veh_5;DENM
RECV_MESSAGE;78184635365;47;veh_7;DENM
RECV_MESSAGE;78226889954;47;veh_2;DENM
RECV_MESSAGE;78261384330;47;veh_4;DENM
MOVE_VEHICLE;79000000000;veh_4;40.81171882143677;-73.96137074872178;8.628134365659207;208.42831270123895
MOVE_VEHICLE;79000000000;veh_5;40.813470899317096;-73.96123597646158;8.242450198375154;208.36761562581154
MOVE_VEHICLE;79000000000;veh_2;40.81093183145379;-73.96194830171949;6.94444465637207;208.51474898578232
MOVE_VEHICLE;79000000000;veh_3;40.81112932044323;-73.96180307441006;9.9202451268211;208.51474898578232
MOVE_VEHICLE;79000000000;veh_6;40.812605179937535;-73.96071844060289;9.561634158540983;208.10282356177606
MOVE_VEHICLE;79000000000;veh_7;40.81416847543638;-73.96058852318038;4.3008368021660885;297.39921271828405
SEND_MESSAGE;79000000000;49;veh_4;DENM
RECV_MESSAGE;79175599436;49;veh_4;DENM
RECV_MESSAGE;79224068339;49;veh_7;DENM
RECV_MESSAGE;79259681696;49;veh_5;DENM
RECV_MESSAGE;79268131515;49;veh_2;DENM
MOVE_VEHICLE;80000000000;veh_4;40.8116542327902;-73.96141807818363;8.207211938337423;208.42831270123895
MOVE_VEHICLE;80000000000;veh_5;40.81341074471869;-73.96127995577429;7.739601643274073;208.37323106334813
MOVE_VEHICLE;80000000000;veh_2;40.810877230180566;-73.9619884536317;6.94444465637207;208.51474898578232
MOVE_VEHICLE;80000000000;veh_3;40.811052882935094;-73.96185928431571;9.721688179241028;208.51474898578232
MOVE_VEHICLE;80000000000;veh_6;40.81253143690217;-73.9607717599061;9.340419189538807;208.10282356177606
MOVE_VEHICLE;80000000000;veh_7;40.8141860501501;-73.96064569309493;5.213539106826431;291.0914943155501
SEND_MESSAGE;80000000000;50;rsu_0;InterVehicleMsg
RECV_MESSAGE;80000400000;50;veh_6;InterVehicleMsg
RECV_MESSAGE;80001400000;50;veh_3;InterVehicleMsg
MOVE_VEHICLE;81000000000;veh_4;40.81157788239405;-73.96147402631593;9.701761709002312;208.42831270123895
MOVE_VEHICLE;81000000000;veh_5;40.81335046370214;-73.96132403010027;7.655572397443466;208.37323106334813
MOVE_VEHICLE;81000000000;veh_2;40.81082262889205;-73.96202860547743;6.94444465637207;208.51474898578257
MOVE_VEHICLE;81000000000;veh_3;40.81097923810482;-73.96191344042377;9.36649843910709;208.51474898578232
MOVE_VEHICLE;81000000000;veh_6;40.81245367741919;-73.96082914172777;9.888823884306476;208.64329059980497
MOVE_VEHICLE;81000000000;veh_7;40.81417012097766;-73.96071731618296;6.496935373751114;248.68250882583874
MOVE_VEHICLE;82000000000;veh_4;40.81152323136329;-73.96151407346903;6.94444465637207;208.42831270123895
MOVE_VEHICLE;82000000000;veh_5;40.8132859781148;-73.96137117848436;8.189542158024851;208.37323106334844
MOVE_VEHICLE;82000000000;veh_2;40.81076802758825;-73.96206875725669;6.94444465637207;208.51474898578257
MOVE_VEHICLE;82000000000;veh_3;40.81090705944118;-73.96196651822147;9.180020989150309;208.51474898578232
MOVE_VEHICLE;82000000000;veh_6;40.81237780659325;-73.96088523187532;9.661615715536755;208.64329059980497
MOVE_VEHICLE;82000000000;veh_7;40.8141150875252;-73.96076493565508;7.330947267819795;210.8070932181166
SEND_MESSAGE;82000000000;51;rsu_0;InterVehicleMsg
RECV_MESSAGE;82000900000;51;veh_6;InterVehicleMsg
RECV_MESSAGE;82001400000;51;veh_3;InterVehicleMsg
MOVE_VEHICLE;83000000000;veh_4;40.81146858031733;-73.96155412055575;6.94444465637207;208.42831270123773
MOVE_VEHICLE;83000000000;veh_5;40.81322413554407;-73.9614163943361;7.853881754081231;208.37323106334813
MOVE_VEHICLE;83000000000;veh_2;40.81071342626919;-73.96210890896944;6.94444465637207;208.51474898578257
MOVE_VEHICLE;83000000000;veh_3;40.81084395974616;-73.96201291953518;8.025312390642743;208.51474898578232
MOVE_VEHICLE;83000000000;veh_6;40.81230225173187;-73.96094108828495;9.621376080845948;208.64329059980312
MOVE_VEHICLE;83000000000;veh_7;40.81405074357415;-73.96081200547687;8.170225878811907;208.38549314118495
MOVE_VEHICLE;84000000000;veh_4;40.811413929256155;-73.9615941675761;6.94444465637207;208.42831270123924
MOVE_VEHICLE;84000000000;veh_5;40.813160551379845;-73.96146288344102;8.07505804758519;208.37323106334844
MOVE_VEHICLE;84000000000;veh_2;40.81065882493482;-73.96214906061573;6.94444465637207;208.51474898578232
MOVE_VEHICLE;84000000000;veh_3;40.81078344043789;-73.96205742322502;7.697124379569917;208.51474898578257
MOVE_VEHICLE;84000000000;veh_6;40.81222603272232;-73.96099743553607;9.705946827831212;208.6432905998034
MOVE_VEHICLE;84000000000;veh_7;40.81398979752471;-73.96085658951742;7.738766798907891;208.38549314118367
SEND_MESSAGE;84000000000;52;rsu_0;InterVehicleMsg
RECV_MESSAGE;84001400000;52;veh_6;InterVehicleMsg
RECV_MESSAGE;84001900000;52;veh_3;InterVehicleMsg
MOVE_VEHICLE;85000000000;veh_4;40.811359278179786;-73.96163421453005;6.94444465637207;208.42831270123799
MOVE_VEHICLE;85000000000;veh_5;40.81309975277985;-73.96150733580278;7.721294686647598;208.37323106334813
MOVE_VEHICLE;85000000000;veh_2;40.81060087990665;-73.96217802327185;6.94444465637207;197.50982641581263
MOVE_VEHICLE;85000000000;veh_3;40.81072502915127;-73.96210037666214;7.4290142087262465;208.5147489857829
MOVE_VEHICLE;85000000000;veh_6;40.812151207584236;-73.96105275217646;9.52844352106331;208.6432905998037
MOVE_VEHICLE;85000000000;veh_7;40.813927695823324;-73.96090201885643;7.885505938187707;208.38549314118367
MOVE_VEHICLE;86000000000;veh_4;40.81130463742153;-73.961674284176;6.94444465637207;208.45167562640952
MOVE_VEHICLE;86000000000;veh_5;40.813038597793685;-73.96155211064666;7.77333750626538;208.42567095510813
MOVE_VEHICLE;86000000000;veh_2;40.81055176182308;-73.96213890822857;6.94444465637207;137.27288270192065
MOVE_VEHICLE;86000000000;veh_3;40.81066875547727;-73.96214175809617;7.1571407714507735;208.5147489857829
MOVE_VEHICLE;86000000000;veh_6;40.812076677465114;-73.96110785056949;9.490871306566987;208.6432905998034
MOVE_VEHICLE;86000000000;veh_7;40.81386230378159;-73.96094985507445;8.30330176102696;208.38549314118342
SEND_MESSAGE;86000000000;53;rsu_0;InterVehicleMsg
RECV_MESSAGE;86000400000;53;veh_3;InterVehicleMsg
RECV_MESSAGE;86000400000;53;veh_6;InterVehicleMsg
MOVE_VEHICLE;87000000000;veh_4;40.81124999940446;-73.96171435982629;6.94444465637207;208.45167562640978
MOVE_VEHICLE;87000000000;veh_5;40.81297681885676;-73.96159739912798;7.849881674495991;208.43756585954188
MOVE_VEHICLE;87000000000;veh_2;40.810523169478074;-73.96206567806311;6.94444465637207;116.51937898307457
MOVE_VEHICLE;87000000000;veh_3;40.81061093229743;-73.96217622725207;7.0814789494522845;201.67211751163168
MOVE_VEHICLE;87000000000;veh_6;40.81200261081432;-73.96116260618668;9.431848340609577;208.6432905998034
MOVE_VEHICLE;87000000000;veh_7;40.81380174295444;-73.96099413455569;7.790944080143236;208.3676156258103
MOVE_VEHICLE;88000000000;veh_4;40.811195387748846;-73.961754490325;6.94444465637207;208.51438296524967
MOVE_VEHICLE;88000000000;veh_5;40.812914597532775;-73.9616429340701;7.898867522175424;208.37197907070276
MOVE_VEHICLE;88000000000;veh_3;40.81055884605918;-73.96215325533116;6.618570375551849;152.03352692217325
MOVE_VEHICLE;88000000000;veh_6;40.81192725685405;-73.96121795256695;9.587312607676722;208.33884666574963
MOVE_VEHICLE;88000000000;veh_7;40.81374092459409;-73.96103859210851;7.724142939941958;208.3676156258106
SEND_MESSAGE;88000000000;54;rsu_0;InterVehicleMsg
RECV_MESSAGE;88002400000;54;veh_3;InterVehicleMsg
RECV_MESSAGE;88002400000;54;veh_6;InterVehicleMsg
MOVE_VEHICLE;89000000000;veh_4;40.81114078654939;-73.96179464255815;6.94444465637207;208.51474898578232
MOVE_VEHICLE;89000000000;veh_5;40.81285355522333;-73.96168758515165;7.753159025551286;208.3846322010158
MOVE_VEHICLE;89000000000;veh_3;40.81053046555505;-73.96208436461826;6.6242420426476745;116.51937898307457
MOVE_VEHICLE;89000000000;veh_6;40.81185099756521;-73.9612738813892;9.690664887661114;208.44875092239178
MOVE_VEHICLE;89000000000;veh_7;40.81368087124479;-73.96108249035274;7.626981544815935;208.3676156258106
MOVE_VEHICLE;90000000000;veh_4;40.81108618533463;-73.96183479472481;6.94444465637207;208.51474898578232
MOVE_VEHICLE;90000000000;veh_5;40.81278905848586;-73.96173476296502;8.191913237778936;208.3846322010158
MOVE_VEHICLE;90000000000;veh_6;40.81177276429366;-73.96133122023056;9.94113174022641;208.42831270123773
MOVE_VEHICLE;90000000000;veh_7;40.813617069795065;-73.96112912830907;8.103000621295068;208.36761562581182
SEND_MESSAGE;90000000000;55;rsu_0;InterVehicleMsg
RECV_MESSAGE;90000900000;55;veh_6;InterVehicleMsg
MOVE_VEHICLE;91000000000;veh_4;40.811031584104605;-73.96187494682498;6.94444465637207;208.51474898578257
MOVE_VEHICLE;91000000000;veh_5;40.8127242011131;-73.96178220446582;8.237715844339691;208.3846322010155
MOVE_VEHICLE;91000000000;veh_6;40.811699704906026;-73.9613847570017;9.283582520263735;208.42831270123773
MOVE_VEHICLE;91000000000;veh_7;40.81355247105807;-73.96117634896378;8.204256142007653;208.3676156258103
MOVE_VEHICLE;92000000000;veh_4;40.81097698285931;-73.96191509885865;6.94444465637207;208.5147489857829
MOVE_VEHICLE;92000000000;veh_5;40.812661822885836;-73.96182783243263;7.9228301009116695;208.38463220101428
MOVE_VEHICLE;92000000000;veh_6;40.81162207442658;-73.96144164324525;9.864422749902587;208.42831270123799
MOVE_VEHICLE;92000000000;veh_7;40.813488126502364;-73.96122338370864;8.171971594200004;208.3676156258106
SEND_MESSAGE;92000000000;56;rsu_0;InterVehicleMsg
RECV_MESSAGE;92001900000;56;veh_6;InterVehicleMsg
MOVE_VEHICLE;93000000000;veh_4;40.810922381598694;-73.96195525082585;6.94444465637207;208.5147489857829
MOVE_VEHICLE;93000000000;veh_5;40.812598925611624;-73.96187383996605;7.988753139490727;208.3846322010155
MOVE_VEHICLE;93000000000;veh_6;40.81154388234982;-73.96149894085927;9.93578038434498;208.42831270123895
MOVE_VEHICLE;93000000000;veh_7;40.81342690215499;-73.96126814228609;7.8755472266767175;208.37171116426978
MOVE_VEHICLE;94000000000;veh_4;40.81086778032282;-73.96199540272657;6.94444465637207;208.51474898578317
MOVE_VEHICLE;94000000000;veh_5;40.81253595031533;-73.96191990446773;7.998660383147653;208.3846322010158
MOVE_VEHICLE;94000000000;veh_6;40.81146829879071;-73.96155432685208;9.604315182485152;208.42831270123773
MOVE_VEHICLE;94000000000;veh_7;40.813366206227656;-73.96131251999819;7.708265886916779;208.37323106334813
SEND_MESSAGE;94000000000;57;rsu_0;InterVehicleMsg
RECV_MESSAGE;94002400000;57;veh_6;InterVehicleMsg
MOVE_VEHICLE;95000000000;veh_4;40.81081317903167;-73.9620355545608;6.94444465637207;208.51474898578317
MOVE_VEHICLE;95000000000;veh_5;40.81247180497985;-73.96196682471165;8.147267550562974;208.3846322010155
MOVE_VEHICLE;95000000000;veh_6;40.81139309625202;-73.96160943349422;9.55589568830328;208.42831270123773
MOVE_VEHICLE;95000000000;veh_7;40.81330220090783;-73.96135931726303;8.128549790401012;208.37323106334813
MOVE_VEHICLE;96000000000;veh_4;40.810758577725224;-73.96207570632855;6.94444465637207;208.5147489857829
MOVE_VEHICLE;96000000000;veh_5;40.812409717030725;-73.96201223994233;7.8859509819722735;208.3846322010158
MOVE_VEHICLE;96000000000;veh_6;40.811317298779265;-73.96166499736843;9.632417144544888;208.4464088673124
MOVE_VEHICLE;96000000000;veh_7;40.813240024758706;-73.9614047770346;7.896246180795133;208.37323106334813
SEND_MESSAGE;96000000000;58;rsu_0;InterVehicleMsg
RECV_MESSAGE;96000400000;58;veh_6;InterVehicleMsg
MOVE_VEHICLE;97000000000;veh_4;40.8107039764035;-73.9621158580298;6.94444465637207;208.5147489857829
MOVE_VEHICLE;97000000000;veh_5;40.81234678363645;-73.9620582734856;7.993330618350301;208.3846322010155
MOVE_VEHICLE;97000000000;veh_6;40.811240418598096;-73.96172138710563;9.77140452968888;208.45167562640952
MOVE_VEHICLE;97000000000;veh_7;40.813180176363936;-73.96144853478604;7.600623696676921;208.37323106334813
MOVE_VEHICLE;98000000000;veh_4;40.810649375066504;-73.96215600966457;6.94444465637207;208.51474898578317
MOVE_VEHICLE;98000000000;veh_5;40.81229201063843;-73.96209294465682;6.762153398122745;203.81364420188984
MOVE_VEHICLE;98000000000;veh_6;40.81116489526357;-73.96177691367674;9.60491467436077;208.51474898578383
MOVE_VEHICLE;98000000000;veh_7;40.813117170443604;-73.96149460104087;8.001620491542853;208.37323106334844
SEND_MESSAGE;98000000000;59;rsu_0;InterVehicleMsg
RECV_MESSAGE;98001900000;59;veh_6;InterVehicleMsg
MOVE_VEHICLE;99000000000;veh_4;40.81059015371436;-73.96217989069265;6.94444465637207;193.59208111998947
MOVE_VEHICLE;99000000000;veh_5;40.81223021817315;-73.96207799310412;7.344355721899774;160.07352520421125
MOVE_VEHICLE;99000000000;veh_6;40.81109196869692;-73.96183054180979;9.275151609675959;208.51474898578383
MOVE_VEHICLE;99000000000;veh_7;40.813053992803376;-73.96154082496264;8.02919142947765;208.40047834362355
MOVE_VEHICLE;100000000000;veh_4;40.81054681334195;-73.96212623426074;6.94444465637207;126.77550174452493
MOVE_VEHICLE;100000000000;veh_5;40.812193556869175;-73.96200579407149;7.355979064886924;120.95024836611029
MOVE_VEHICLE;100000000000;veh_6;40.811017776346546;-73.9618851006221;9.436136516509578;208.51474898578257
MOVE_VEHICLE;100000000000;veh_7;40.812993593041654;-73.96158510243284;7.674638719572686;208.43756585954188
SEND_MESSAGE;100000000000;60;rsu_0;InterVehicleMsg
RECV_MESSAGE;100002400000;60;veh_6;InterVehicleMsg
MOVE_VEHICLE;101000000000;veh_4;40.81051822098904;-73.96205300410628;6.94444465637207;116.51937898307457
MOVE_VEHICLE;101000000000;veh_5;40.8121574925437;-73.96191986486816;8.280428223062772;118.23758514164246
MOVE_VEHICLE;101000000000;veh_6;40.81094215619965;-73.96194070924514;9.617726785305422;208.5147489857829
MOVE_VEHICLE;101000000000;veh_7;40.81292958947245;-73.96163202165573;8.132550540713128;208.43756585954216
MOVE_VEHICLE;102000000000;veh_5;40.812122202840925;-73.96183578156774;8.102559557342902;118.23758514164246
MOVE_VEHICLE;102000000000;veh_6;40.81086518062816;-73.9619973144507;9.79011224640999;208.51474898578257
MOVE_VEHICLE;102000000000;veh_7;40.81286425645897;-73.96167975744453;8.291677063838579;208.38463220101428
SEND_MESSAGE;102000000000;61;rsu_0;InterVehicleMsg
RECV_MESSAGE;102000400000;61;veh_6;InterVehicleMsg
MOVE_VEHICLE;103000000000;veh_5;40.81208796155955;-73.96175419652084;7.86182743943762;118.23758514164246
MOVE_VEHICLE;103000000000;veh_6;40.810788438986684;-73.96205374747835;9.760356092185248;208.51474898578257
MOVE_VEHICLE;103000000000;veh_7;40.812804488487345;-73.96172347629958;7.591299803620204;208.3846322010155
MOVE_VEHICLE;104000000000;veh_5;40.81205234826214;-73.96166934267131;8.176829637361225;118.23758514164246
MOVE_VEHICLE;104000000000;veh_6;40.81071535678214;-73.9621074893457;9.294928445655387;208.51474898578257
MOVE_VEHICLE;104000000000;veh_7;40.812739184265894;-73.96177124468441;8.294471983956173;208.3846322010158
SEND_MESSAGE;104000000000;62;rsu_0;InterVehicleMsg
RECV_MESSAGE;104002400000;62;veh_6;InterVehicleMsg
MOVE_VEHICLE;105000000000;veh_5;40.812017016719906;-73.96158516037981;8.11212455828907;118.23758514164474
MOVE_VEHICLE;105000000000;veh_6;40.810651102649054;-73.96215473927079;8.172131134469552;208.51474898578232
MOVE_VEHICLE;105000000000;veh_7;40.81267525089363;-73.96181801022078;8.120353926364333;208.3846322010155
MOVE_VEHICLE;106000000000;veh_5;40.81198240458042;-73.96150269239237;7.946936156875454;118.23758514164246
MOVE_VEHICLE;106000000000;veh_6;40.81059404859267;-73.9621792437946;6.727470885661896;195.04505970837724
MOVE_VEHICLE;106000000000;veh_7;40.81261170940005;-73.96186448900357;8.070577724413015;208.3846322010158
SEND_MESSAGE;106000000000;63;rsu_0;InterVehicleMsg
RECV_MESSAGE;106001400000;63;veh_6;InterVehicleMsg
MOVE_VEHICLE;107000000000;veh_5;40.81194751831505;-73.96141957149162;8.009861865821295;118.2375851416449
MOVE_VEHICLE;107000000000;veh_6;40.81054853338377;-73.96213063960272;6.963380010905675;130.3723424371594
MOVE_VEHICLE;107000000000;veh_7;40.812546630469;-73.96191209226946;8.265849136381876;208.3846322010155
MOVE_VEHICLE;108000000000;veh_5;40.81192497123244;-73.96136585036233;5.176787014298892;118.23758514164474
MOVE_VEHICLE;108000000000;veh_6;40.81051475871564;-73.96204413661418;8.20311300582951;116.51937898307457
MOVE_VEHICLE;108000000000;veh_7;40.812481837524665;-73.96195948623574;8.229522485618945;208.3846322010158
SEND_MESSAGE;108000000000;64;rsu_0;InterVehicleMsg
RECV_MESSAGE;108001900000;64;veh_6;InterVehicleMsg
MOVE_VEHICLE;109000000000;veh_5;40.81189057777362;-73.9613126308858;6.025534231273923;132.09343896623645
MOVE_VEHICLE;109000000000;veh_7;40.81242015045529;-73.96200460825281;7.835034614005126;208.3846322010155
SEND_MESSAGE;109000000000;65;veh_5;DENM
RECV_MESSAGE;109152487161;65;veh_7;DENM
RECV_MESSAGE;109264599574;65;veh_5;DENM
MOVE_VEHICLE;110000000000;veh_5;40.811824309032694;-73.96129344897247;6.178685968790281;166.97007568055975
MOVE_VEHICLE;110000000000;veh_7;40.81235498364675;-73.96205227547505;8.277002642787993;208.3846322010155
SEND_MESSAGE;110000000000;66;veh_5;DENM
SEND_MESSAGE;110000000000;67;rsu_0;InterVehicleMsg
RECV_MESSAGE;110194176383;66;veh_7;DENM
RECV_MESSAGE;110212364412;66;veh_5;DENM
MOVE_VEHICLE;111000000000;veh_5;40.81177447912753;-73.9613299636256;6.331837706306639;208.42831270123895
MOVE_VEHICLE;111000000000;veh_7;40.812295172278326;-73.96209134929498;7.427983531055151;204.42223810256013
SEND_MESSAGE;111000000000;68;veh_5;DENM
RECV_MESSAGE;111327871568;68;veh_7;DENM
RECV_MESSAGE;111335103401;68;veh_5;DENM
MOVE_VEHICLE;112000000000;veh_5;40.81172344394516;-73.96136736142206;6.484989443822997;208.42831270123895
MOVE_VEHICLE;112000000000;veh_7;40.8122313029576;-73.96207882181363;7.580803915800061;160.8757169193406
SEND_MESSAGE;112000000000;69;veh_5;DENM
SEND_MESSAGE;112000000000;70;rsu_0;InterVehicleMsg
RECV_MESSAGE;112210966301;69;veh_5;DENM
RECV_MESSAGE;112227743144;69;veh_7;DENM
MOVE_VEHICLE;113000000000;veh_5;40.81167120348467;-73.9614056423578;6.638141181339354;208.42831270123773
MOVE_VEHICLE;113000000000;veh_7;40.81219409649297;-73.96200707981605;7.371306156448554;121.15129363659223
MOVE_VEHICLE;114000000000;veh_5;40.811616552479904;-73.96144568962424;6.94444465637207;208.42831270123895
MOVE_VEHICLE;114000000000;veh_7;40.81215887497994;-73.96192315874603;8.08691748119425;118.23758514164474
SEND_MESSAGE;114000000000;71;rsu_0;InterVehicleMsg
MOVE_VEHICLE;115000000000;veh_5;40.81156190145991;-73.96148573682432;6.94444465637207;208.42831270123773
MOVE_VEHICLE;115000000000;veh_7;40.81212559734006;-73.96184386948885;7.640588305583224;118.23758514164246
MOVE_VEHICLE;116000000000;veh_5;40.81150725042471;-73.96152578395801;6.94444465637207;208.42831270123895
MOVE_VEHICLE;116000000000;veh_7;40.81208938466734;-73.96175758728661;8.314461550891865;118.2375851416446
SEND_MESSAGE;116000000000;72;rsu_0;InterVehicleMsg
MOVE_VEHICLE;117000000000;veh_5;40.811452599374306;-73.96156583102533;6.94444465637207;208.42831270123895
MOVE_VEHICLE;117000000000;veh_7;40.812055762696275;-73.96167747804584;7.719621087058913;118.23758514164474
MOVE_VEHICLE;118000000000;veh_5;40.81139794830869;-73.96160587802626;6.94444465637207;208.42831270123773
MOVE_VEHICLE;118000000000;veh_7;40.812020299421306;-73.96159298186055;8.142371725798585;118.23758514164474
SEND_MESSAGE;118000000000;73;rsu_0;InterVehicleMsg
MOVE_VEHICLE;119000000000;veh_5;40.81134329829912;-73.96164592732018;6.94444465637207;208.43096825029218
MOVE_VEHICLE;119000000000;veh_7;40.81198412408448;-73.96150678933228;8.305846772780642;118.23758514164474
MOVE_VEHICLE;120000000000;veh_5;40.81128866029282;-73.96168600301748;6.94444465637207;208.45167562640978
MOVE_VEHICLE;120000000000;veh_7;40.81194964128559;-73.96142462972853;7.917226986361202;118.23758514164474
SEND_MESSAGE;120000000000;74;rsu_0;InterVehicleMsg
MOVE_VEHICLE;121000000000;veh_5;40.811234022574915;-73.96172607928048;6.94444465637207;208.4523974078393
MOVE_VEHICLE;121000000000;veh_7;40.81192561961575;-73.961367395212;5.515351100379892;118.23758514164261
MOVE_VEHICLE;122000000000;veh_5;40.81117942138627;-73.96176623156069;6.94444465637207;208.51474898578354
MOVE_VEHICLE;122000000000;veh_7;40.81189311193523;-73.96131455994818;5.849614994018339;130.06093510948125
SEND_MESSAGE;122000000000;75;veh_7;DENM
SEND_MESSAGE;122000000000;76;rsu_0;InterVehicleMsg
RECV_MESSAGE;122381035801;75;veh_5;DENM
RECV_MESSAGE;122396732812;75;veh_7;DENM
MOVE_VEHICLE;123000000000;veh_5;40.81112482018234;-73.96180638377439;6.94444465637207;208.51474898578257
MOVE_VEHICLE;123000000000;veh_7;40.811828018721826;-73.9612907305619;6.032086604410627;164.9570803747823
SEND_MESSAGE;123000000000;77;veh_7;DENM
RECV_MESSAGE;123200788080;77;veh_7;DENM
RECV_MESSAGE;123237784436;77;veh_5;DENM
MOVE_VEHICLE;124000000000;veh_5;40.81107021896313;-73.9618465359216;6.94444465637207;208.51474898578383
MOVE_VEHICLE;124000000000;veh_7;40.811779111776595;-73.96132656888828;6.214558214802916;208.42831270123799
SEND_MESSAGE;124000000000;78;veh_7;DENM
SEND_MESSAGE;124000000000;79;rsu_0;InterVehicleMsg
RECV_MESSAGE;124262898162;78;veh_5;DENM
RECV_MESSAGE;124373171631;78;veh_7;DENM
MOVE_VEHICLE;125000000000;veh_5;40.81101561772863;-73.96188668800232;6.94444465637207;208.51474898578232
MOVE_VEHICLE;125000000000;veh_7;40.81172876881485;-73.96136345944264;6.3970298251952045;208.42831270123773
SEND_MESSAGE;125000000000;80;veh_7;DENM
RECV_MESSAGE;125185238215;80;veh_5;DENM
RECV_MESSAGE;125266060668;80;veh_7;DENM
MOVE_VEHICLE;126000000000;veh_5;40.81096101647885;-73.96192684001657;6.94444465637207;208.5147489857829
MOVE_VEHICLE;126000000000;veh_7;40.81167698983552;-73.96140140222016;6.579501435587493;208.42831270123895
SEND_MESSAGE;126000000000;81;rsu_0;InterVehicleMsg
MOVE_VEHICLE;127000000000;veh_5;40.81090641521379;-73.96196699196433;6.94444465637207;208.51474898578257
MOVE_VEHICLE;127000000000;veh_7;40.81162233883235;-73.96144144949363;6.94444465637207;208.42831270123799
MOVE_VEHICLE;128000000000;veh_5;40.81085181393344;-73.9620071438456;6.94444465637207;208.5147489857829
MOVE_VEHICLE;128000000000;veh_7;40.81156768781398;-73.96148149670074;6.94444465637207;208.42831270123895
SEND_MESSAGE;128000000000;82;rsu_0;InterVehicleMsg
MOVE_VEHICLE;129000000000;veh_5;40.810797212637816;-73.96204729566038;6.94444465637207;208.5147489857829
MOVE_VEHICLE;129000000000;veh_7;40.81151303678039;-73.96152154384146;6.94444465637207;208.42831270123895
MOVE_VEHICLE;130000000000;veh_5;40.8107426113269;-73.96208744740869;6.94444465637207;208.5147489857829
MOVE_VEHICLE;130000000000;veh_7;40.81145838573159;-73.96156159091579;6.94444465637207;208.42831270123773
SEND_MESSAGE;130000000000;83;rsu_0;InterVehicleMsg
MOVE_VEHICLE;131000000000;veh_5;40.810688010000725;-73.9621275990905;6.94444465637207;208.51474898578257
MOVE_VEHICLE;131000000000;veh_7;40.811403734667586;-73.96160163792376;6.94444465637207;208.42831270123895
MOVE_VEHICLE;132000000000;veh_5;40.81063267567294;-73.96216582979802;6.94444465637207;206.43640301312576
MOVE_VEHICLE;132000000000;veh_7;40.81134908358837;-73.96164168486534;6.94444465637207;208.42831270123773
SEND_MESSAGE;132000000000;84;rsu_0;InterVehicleMsg
MOVE_VEHICLE;133000000000;veh_5;40.810572882529215;-73.9621719462974;6.94444465637207;176.17464145126993
MOVE_VEHICLE;133000000000;veh_7;40.811294445269034;-73.96168175987665;6.94444465637207;208.45167562640978
MOVE_VEHICLE;134000000000;veh_5;40.810538452432965;-73.96210482045144;6.94444465637207;118.99770904620128
MOVE_VEHICLE;134000000000;veh_7;40.811239807249116;-73.96172183551458;6.94444465637207;208.45167562640825
SEND_MESSAGE;134000000000;85;rsu_0;InterVehicleMsg
MOVE_VEHICLE;135000000000;veh_5;40.810509860066624;-73.9620315903156;6.94444465637207;116.51937898307325
MOVE_VEHICLE;135000000000;veh_7;40.811185202464294;-73.96176198031141;6.94444465637207;208.51474898578257
MOVE_VEHICLE;136000000000;veh_7;40.81113060126198;-73.96180213253216;6.94444465637207;208.51474898578354
SEND_MESSAGE;136000000000;86;rsu_0;InterVehicleMsg
MOVE_VEHICLE;137000000000;veh_7;40.81107600004439;-73.96184228468641;6.94444465637207;208.51474898578232
MOVE_VEHICLE;138000000000;veh_7;40.811021398811505;-73.96188243677418;6.94444465637207;208.51474898578383
SEND_MESSAGE;138000000000;87;rsu_0;InterVehicleMsg
MOVE_VEHICLE;139000000000;veh_7;40.810966797563346;-73.96192258879546;6.94444465637207;208.51474898578317
MOVE_VEHICLE;140000000000;veh_7;40.81091219629989;-73.96196274075025;6.94444465637207;208.5147489857829
SEND_MESSAGE;140000000000;88;rsu_0;InterVehicleMsg
MOVE_VEHICLE;141000000000;veh_7;40.810857595021176;-73.96200289263857;6.94444465637207;208.5147489857829
MOVE_VEHICLE;142000000000;veh_7;40.810802993727165;-73.96204304446039;6.94444465637207;208.51474898578317
SEND_MESSAGE;142000000000;89;rsu_0;InterVehicleMsg
MOVE_VEHICLE;143000000000;veh_7;40.81074839241787;-73.96208319621573;6.94444465637207;208.5147489857829
MOVE_VEHICLE;144000000000;veh_7;40.8106937910933;-73.96212334790458;6.94444465637207;208.5147489857829
SEND_MESSAGE;144000000000;90;rsu_0;InterVehicleMsg
MOVE_VEHICLE;145000000000;veh_7;40.810638739509926;-73.96216231959183;6.94444465637207;207.23854538227945
MOVE_VEHICLE;146000000000;veh_7;40.810579136055445;-73.96217482279228;6.94444465637207;182.53606214649506
SEND_MESSAGE;146000000000;91;rsu_0;InterVehicleMsg
MOVE_VEHICLE;147000000000;veh_7;40.81054147973946;-73.96211257393244;6.94444465637207;120.85752188464039
MOVE_VEHICLE;148000000000;veh_7;40.81051288737799;-73.96203934378987;6.94444465637207;116.51937898307457
SEND_MESSAGE;148000000000;92;rsu_0;InterVehicleMsg
SEND_MESSAGE;150000000000;93;rsu_0;InterVehicleMsg
SEND_MESSAGE;152000000000;94;rsu_0;InterVehicleMsg
SEND_MESSAGE;154000000000;95;rsu_0;InterVehicleMsg
SEND_MESSAGE;156000000000;96;rsu_0;InterVehicleMsg
SEND_MESSAGE;158000000000;97;rsu_0;InterVehicleMsg
SEND_MESSAGE;160000000000;98;rsu_0;InterVehicleMsg
SEND_MESSAGE;162000000000;99;rsu_0;InterVehicleMsg
SEND_MESSAGE;164000000000;100;rsu_0;InterVehicleMsg
SEND_MESSAGE;166000000000;101;rsu_0;InterVehicleMsg
SEND_MESSAGE;168000000000;102;rsu_0;InterVehicleMsg
SEND_MESSAGE;170000000000;103;rsu_0;InterVehicleMsg
SEND_MESSAGE;172000000000;104;rsu_0;InterVehicleMsg
SEND_MESSAGE;174000000000;105;rsu_0;InterVehicleMsg
SEND_MESSAGE;176000000000;106;rsu_0;InterVehicleMsg
SEND_MESSAGE;178000000000;107;rsu_0;InterVehicleMsg
